3601,此庄志在长远，这波会振荡破16元，目标20元！,此庄志在长远，这波会振荡破16元，目标20元！,None,抚顺特钢,1
3602,还有10个交易日后就到公布半年报，不出意外业绩应该在0.6元上下5分波动范围。说实话大股东的所谓混合所有制引进战略投资者最大考虑就是为了解决风神的同业竞争所需资金才出此方案的。拿下股权的也应该是和轮胎有关的大鳄，目前看美国固特异概率非常高！根据目前市场转回抄传统、超跌、低价、低市盈率股票。风神的21周K线已经上穿60周K线，已经步入上升通道。因此总结下半年风神有50-100%的涨幅空间,风神下半年走势,股东,风神股份,1
3603,我换银行股了美罗药业你去死吧,庄家的2014年7月28日妈妈死了,None,美罗药业,0
3604,过19.70元有效站住无条件杀进去，现在也可以买MACD趋势已经形成，怕个球啊,大家赶快买啊，通道已经出来了个人分析自己懂得刷起来,股东,宇通客车,1
3605,你再不拉升，就会错过最好的机会 ！,庄你必看,None,湘电股份,1
3606,我在春天的湖边享受春天湖边他MM的春天,我在春天的湖边享受春天湖边他MM的春天,None,雪人股份,2
3607,3月份一审已经败诉，终审败诉已是板上钉钉。说实话本人也认可败诉，出口限制配额肯定不对，你要保护资源可以关停呀，搞差別对待怎么行，钼价国内外相差百分之五十就是因为出口配额。败诉加大钼矿出口对天成控股是特大利好，短期钼价会与国际结轨，长期欧美国家可能都会加大收储以应对未来中国政策，中国也会从环保和资源保护方面关停一批小矿，对钼进行整合就像稀土那样。钼是不可再生稀有战争金属。乌克兰危机应该是导至欧钼长价的真实原因，必和减产产300吨是导火索。资源稀缺性，中国钼保护以及全球战争威胁都将导至钼价持续上涨。天成公司是贵州唯一钼业整合平台，整合收购几十个钼镍矿，未来将持续受益，股价上涨潜力巨大。,WTO对中国钼出口配额终审将到来，有色掀涨停狂潮,None,天成控股,0
3608,吃些亏处原无害，让他几分有何妨，春天才看杨柳绿，秋风又见菊花黄。,主力在续什么阴谋？？,None,精华制药,1
3609,熊转牛了,熊转牛了,股东,海澜之家,1
3610,,有资金在大肆出逃延长化建,None,延长化建,0
3611,什么是普通股、,什么是普通股、,None,上海电力,2
3612,大家看什么时候摘帽，四条规则都符合了。有哪条还没达到吗？请高手指点一下,根据股票交易规则搞帽时间表,None,*ST合泰,1
3613,什么是涨跌比率？,什么是涨跌比率？,None,上海电力,2
3614,在这个祖国江山一片红的上午，自选股里居然有一抹绿色，美丽可人，仔细一看，我靠，居然是小维！,惊奇发现,None,维尔利,1
3615,电力股全线吃香了！底价+政策+电改+业绩,电力股全线吃香了！底价+政策+电改+业绩,None,上海电力,1
3616,深圳法院网上诉讼服务平台---审判流程公开---社会公众查询---当事人一栏输入：回波。就能查询到！！！案件状态是审理,福瑞诉一体的案子，请在这里查询！,None,福瑞股份,2
3617,国家核电确认有意与中电投重组 2股值得关注,国家核电确认有意与中电投重组 2股值得关注,None,上海电力,1
3618,今天的走势果不出我所料，下午再盘下去吧,庄家快看,None,科达股份,0
3619,国核技与中电投合并方案已上报国资委,国核技与中电投合并方案已上报国资委,None,上海电力,1
3620,A：主力不会给踏空资金低位介入的机会的，大盘会涨个不停的！B：今天就是埋葬多头坟墓的日子！2181点！就是坟头！你认为呢？  A? 还是B?,目前有二种观点，你选择A还是B？,None,安居宝,2
3621,上海电力底部放量二次翻红三次冲击120线大胆加仓!,上海电力底部放量二次翻红三次冲击120线大胆加仓!,None,上海电力,1
3622,"上海钢联是中俄在尼加拉瓜开世界上最大的人工工程人工运河,价值400亿美元工程,全程240公里,","上海钢联是中俄在尼加拉瓜开世界上最大的人工工程人工运河,价值400亿美元工程,全",None,上海钢联,2
3623,德威主要产品用于国家核电，风力，铁路，通讯等,德威主要产品用于国家核电，风力，铁路，通讯等,None,上海电力,2
3624,tnnd，是不是有何利空，深圳指数大涨，他还在托后腿啊,tnnd，是不是有何利空，深圳指数大涨，他还在托后腿啊,股东,天马精化,0
3625,投资者关系平台透露二季度业绩不错！！,投资者关系平台透露二季度业绩不错！！,None,上海电力,1
3626,恨死它了，我要是出来发誓都不碰它了，再也不看一眼。,300304到底有什么好的，垃圾一个。,None,云意电气,0
3627,上海电力建成国内首个110千伏站用电微网系统,上海电力建成国内首个110千伏站用电微网系统,None,上海电力,0
3628,超级垃圾,衰,股东,博彦科技,0
3629,上海电力学院飞Young好声音现场！,上海电力学院飞Young好声音现场！,None,上海电力,2
3630,上海电力 上涨空间出现，今日上涨飙升突破,上海电力 上涨空间出现，今日上涨飙升突破,None,上海电力,1
3631,上海电力学院“首届体育技能大赛”火热开赛,上海电力学院“首届体育技能大赛”火热开赛,股东,上海电力,2
3632,上海电力大阪南港光伏发电项目投入运行,上海电力大阪南港光伏发电项目投入运行,None,上海电力,2
3633,北方高温致用电高峰提前来临 电力股爆发在即(附股) [,北方高温致用电高峰提前来临 电力股爆发在即(附股) [,None,上海电力,1
3634,宝马建立上海世博园电动车示范区,宝马建立上海世博园电动车示范区,None,上海电力,2
3635,据说一家天津的大学将进驻南通高新区，加上通州湾引进北航,据说一家天津的大学将进驻南通高新区，加上通州湾引进北航,None,上海电力,1
3636,这图形，冲高回落走势！,这图形，冲高回落走势！,None,空港股份,0
3637,【上海电力】 别人恐慌时，就是我们赚钱1的时候,上海电力 别人恐慌时，就是我们赚钱1的时候,None,上海电力,1
3638,。。,下午将疯狂出出货,None,益生股份,0
3639,2014年上海电力学院园区团工委、学管会支教活动正式启动,2014年上海电力学院园区团工委、学管会支教活动正式启动,None,上海电力,2
3640,国家电网公司“特高压奖学金”确定的17所高校为：清华、山大、华北电力,国家电网公司“特高压奖学金”确定的17所高校为：清华、山大、华北电力,None,上海电力,1
3641,特聘讲师:李家珉 上海电力学院社会科学部教授,特聘讲师:李家珉 上海电力学院社会科学部教授,None,上海电力,2
3642,国家核电与中电投合并 两股价值凸显,国家核电与中电投合并 两股价值凸显,None,上海电力,1
3643,【上海建超级智能电厂 】昨日国网上海电力公司公告，,上海建超级智能电厂 昨日国网上海电力公司公告，,None,上海电力,2
3644,呵呵,散户们，千万不要接货，这垃圾题材 业绩什么都没，怎炒？,股东,维科精华,0
3645,国家核电与中电投重组方案即将上报,国家核电与中电投重组方案即将上报,None,上海电力,2
3646,下午崩盘,下午崩盘,None,招商银行,0
3647,上海电力三线合并之后要翻6番的请看高端技术图,上海电力三线合并之后要翻6番的请看高端技术图,None,上海电力,1
3648,"资深人士：沪港通将提振A股“脱熊”新快报记者注意到,市场近期对沪港通概念股的关注,已经与4月份沪港通消息刚发布时的短期炒作有天壤之别。如中国平安、中国太保(601601,股吧)等因AH折价率较高的典型的沪港通概念股,彼时仅一日游大涨后,便陷入回调整理,导致整个蓝筹板块纷纷陷入调整,并致大盘从2100点上方向下跌破2000点后才止跌。而从本轮行情来看,沪港通概念股不但已大面积连续多日走强,更是已批量地创出了年内新高。同花顺(300033,股吧)iFinD数据显示,在A股568只沪港通概念股(已剔除*ST京城和*ST仪化)中,多达97只股于上周创出年内新高,占比高达17.08%。上证指数&nbsp;&nbsp;2155.64&nbsp;&nbsp;1.37%&nbsp;&nbsp;&nbsp;&nbsp;&nbsp;&nbsp;有资深市场人士向新快报记者表示,“沪港通可以说是A股历史上最重要的事件之一,更是今年内A股头等重要的大事。一旦开通,困扰A股多年的增量资金不愿入场、估值体系紊乱等问题,都将可能一一得到解决。正是因其意义重大,相关概念股才得到了市场资金的高度关注。因此,即便在经过近期的持续大涨后,A股沪港通概念股有望反复走强。”“由于沪港通概念股是大盘的核心所在,因此该类股的走强,还意味着大盘未来的空间可能不可估量。”该人士指出,“自2011年5月以来,大盘始终处于调整通道中。但截至上周收盘后,大盘收报在2126.61点,距离该调整通道的上轨2132点仅差不到5个点。在沪港通这一A股里程碑级事件的提振下,A股已找到向上突破、摆脱持续多年熊市的重要契机。”（新快报）沪港通或致A股涨20% 短线炒家曝三大获利秘技原来以为操盘手只关注技术，看来这个先入为主的想法是错的。最近，和几位香港财经圈内的朋友交流，发现他们对内地财经动向的把握，比笔者认识的不少内地私募基金经理还要透彻。相对公募，私募对各种政策带来的投资机遇更加敏感。这几位朋友中，有美银美林的前操盘手，年仅三十就在港岛半山买了价值过亿的豪宅，现任一家私募基金的负责人；有旗下基金曾夺得亚太区基金绩效排名第二的一位基金投资总监；还有一位更加厉害，曾夺得香港私募基金收益冠军，师从几位股神。他们提出了不少有趣的观点，为了保证原汁原味，笔者不做修改录之如下。关于A股，他们认为沪港通可能是A股今年最大的机遇。“过去A股一直是一个相对封闭的市场，因此海外市场对其没有什么影响，但是沪港通提供了一个相对灵活的投资渠道，在未来的很短一段时间内，A股的估值有望回升。你看，印度股市今年涨了差不多30%，巴西股市也有20%，而中国股市与年初相比，几乎没有任何涨幅。”“我身边的不少朋友，包括一些研究机构，他们给投资者的报告，都认为A股至少有20%的涨幅，这应该是合理的，仅仅是回归到与其他新兴市场同步的水平。”其中，那位美银美林的前操盘手还透露，他的不少华尔街朋友已向他打听现在投资A股的细节，甚至有计划来香港与他合作。关于投资机遇，他们认为最大的主题可能是内地央企和国企的改革。“最近香港市场上获利空间最大的股票几乎都与国企改革概念有关，一些传统行业的股票被投资者再次关注。进入8月，这样的投资机会将更多。我们基金内部的研究机构已制定了一个股票池，这个股票池会随着市况变化而改动。”关于具体的交易建议，他们认为应该选择那些几乎可以确定的标的。“当沪港通的消息发布后，我旗下的基金第一时间就买入了港交所，迄今已有超过20%的收益，这种大蓝筹是符合我们的投资原则的，我们一般喜欢选择这种相对确定的标的。”“内银股、甚至地产股这类内地基金不感兴趣的股票我们也会考虑，这些行业的估值对我们来说，已到了比较有吸引力的阶段。”接下来，笔者当然不忘向他们讨教一下沪港通如何投资获利，这也是不少读者最感兴趣的话题。他们发现，现在的港股操作手法越来越像A股了。以最近3个月香港投资者最热衷炒作的AH股为例，与2007年港股直通车消息发布后一样，大量内地资金扎堆香港市场，它们首先选择H股折让率较大的股票。今年4月10日之前，折让率最高的AH系列股浙江世宝的H股和A股的折让率高达80%，而现在，已缩小到60%。这些内地资金有两大特点，一是先从折让率最高的股票下手，将交易重心逐渐上移，一般折让率缩小到20%至30%就炒不动了。二是专门选择小盘股，市值在10亿港元至20亿港元之间的AH股是最活跃的，市值再大一点的股票波动性就迅速疲软。这些资金，在介入个股时的时间点也拿捏得很好，例如上个月，当内地部分券商测试系统的消息发布时，资金就炒一把，当投资者看到某些AH股成交量开始上升时，短线买入后的获利空间一般很大。事实上，现在不少资金已在等候即将到来的机会，例如8月底的沪港通全网测试，全网测试前一些细则的出台，都是炒作的触发点。",沪港通将提振A股“脱熊” 短线炒家曝三大获利秘技,股东,招商银行,1
3649,终于见红了！,终于见红了！,None,同仁堂,1
3650,套我九个月，今天终于解套了，出了,套我九个月，今天终于解套了，出了,股东,大有能源,0
3651,现在走，回调买进,现在走，回调买进,None,美尔雅,1
3652,全流通，和过去，是完全两回事情，过去是掏空上市公司，  现在是老板有钱没有钱，看你的上市公司的市值从现在看，078的老板还没有提高到这样的高度，还在沿袭过去的思路否则，078的业绩不会这么差，毛利润可以，为什么利润不可以？？？？？？？？？？？赚钱都跑哪里了？    成本，人员工资，销售费用，谁说的清，谁是谁？,企业要资产话，还是伸手掏空上市公司，大股东需要提高自己能力了,None,澄星股份,2
3653,美克的克星是券商融券,美克的克星是券商融券,None,美克家居,2
3654,上海电网创新高！二季度用电量大增33%！,上海电网创新高！二季度用电量大增33%！,None,上海电力,1
3655,镇江百盛商业城有限公司，恒顺持有50%，由于经营不善，企业亏损，有消息恒顺有意把这50%国有资产出售给华地集团，商厂员工已经罢工好多天，至今领导没有任何答复，罢工期间被员工发现商场老总在员工餐厅包厢用餐，随即员工找出多瓶高端白酒，员工沸腾，质问企业亏损，为何亏损,恒顺醋业旗下子公司领导天天喝茅台,,恒顺醋业,2
3656,全国累计发电量同比增长，装机稳步增长，水电将迎来业绩高,全国累计发电量同比增长，装机稳步增长，水电将迎来业绩高,None,上海电力,1
3657,一路跌到现在，还不赶紧趁势往上拉。拉高出货该能赚大钱吧。哎，一帮胆小的庄家！打上去了，货肯定能出完。,还不赶紧趁势往上拉,None,古越龙山,1
3658,"000409山东地矿特大利好：含量126吨黄金的金矿将注入！目前黄金每克260元左右，每吨黄金价值2.6亿元，126吨黄金约值328亿元！不得了啊！近期有色金属股狂涨，不少已经翻倍了，如：002114罗平锌电、000693,600432，等等！而000409山东地矿，目前还处于底部附近，仅小涨15%，上周五，突然从底部拉出第一个涨停板，大涨行情正式启动！其他有色金属股大涨50%~150%，000409山东地矿，上涨50%，应属正常，如果再考虑其未来不久将有大股东的126亿吨价值328亿元的超级大金矿注入，那股价涨个3~5倍，也不是不可能！目前还处于底部附近的有色金属股，已经不多了，如果再具备大题材的底部有色金属股就更少了，目前我就发现只有000409山东地矿这一只，错过了002114、000693的，请不要再错过000409了！善意提醒，信不信由你！2010年，山东地矿借壳000409上市时，山东地矿的大股东~山东地矿集团有限公司，有承诺（请见下）：在本次交易完成后将其实际控制的莱州金盛矿业投资有限公司100%股权注入公司，莱州金盛矿业投资有限公司主要资产为山东莱州市朱郭李家地区金矿普查探矿权，已探明黄金资源储量为126吨。【2012-09-11】刊登重大资产重组进展及延期复牌公告,继续停牌(详情请见公告全文)ST泰复重大资产重组进展及延期复牌公告ST泰复于2012年7月12日公告了《重大事项停牌公告》，因公司筹划重大事项，公司股票自2012年7月12日开市起停牌。2012年7月17日，公司公告了《重大资产重组停牌公告》，公司正在筹划与山东鲁地矿业投资有限公司股东及鲁地投资控股子公司其他股东的重大资产重组事项，公司股票自2012年7月17日起继续停牌。自停牌以来，公司、重组方及聘请的中介机构积极推进本次重大资产重组工作。本次重大资产重组中，公司拟将全资子公司蚌埠丰泰生物科技有限公司100%股权按评估价值出售给北京正润创业投资有限责任公司，北京正润创业投资有限责任公司按评估价值以现金支付对价，同时公司向山东鲁地投资控股有限公司、北京正润创业投资有限责任公司等八家股东发行股份购买其持有的鲁地投资100%股权，淮北徐楼矿业有限公司100%股权和娄烦县鲁地矿业有限公司100%股权。为进一步提高上市公司资产质量，提升上市公司持续盈利能力，山东鲁地投资控股有限公司及其实际控制人山东省地矿局承诺在本次交易完成后将其实际控制的莱州金盛矿业投资有限公司100%股权注入公司，莱州金盛矿业投资有限公司主要资产为山东莱州市朱郭李家地区金矿普查探矿权，已探明黄金资源储量为126吨。截至公告发布日，公司本次重大资产重组涉及的审计、评估及财务顾问审核等工作已完成，已取得山东省国资委关于本次重大资产重组的预审核批复和山东省人民政府关于鲁地投资设立和国有股权转让事项予以确认的批复，拟后续进入莱州金盛矿业投资有限公司的筹备工作已经开始，目前山东省国资委对本次重大资产重组的审计和评估报告的审核备案工作正在进行中，公司预计不能于2012年9月12日前复牌，为了维护投资者的利益，经公司申请，公司股票将延期复牌。",特大利好：含量126吨黄金的金矿将注入！,None,宝钛股份,1
3659,这股好，翻番肯定的，今天是个抄底机会,这股好，翻番肯定的，今天是个抄底机会,股东,浪莎股份,1
3660,是大老板说了算，该涨还得涨，该跌还得跌，就把股票当成彩票来玩吧！因为中国证券市场本来就是连赌场都不如的市场,股价在什么位置出什么消息，都是早已商定好的，不是你我小散能左右的,None,蓉胜超微,0
3661,因为8月8日主要上市，利益化，目标22元.上午拉高让散户缴枪，下午即将百分之40主升,下午拉版，庄与主配合,None,贵研铂业,1
3662,我是感觉有调整的需求，,大盘是不是有调整的需求？,股东,空港股份,2
3663,换任何一个都比你强，马的走了,换任何一个都比你强，马的走了,股东,百利电气,0
3664,7.25日31下半年顶点5.74元已经成功产生，逃命机会也~是不是也？等待检验。,7.25日31下半年顶点5.74元已经成功产生，逃命机会也~,None,三一重工,0
3665,股东大会召开日期：2014年8月11日大家注意如果股价不涨大家都去投发对票！！水价上涨他们也不公告，为了维护我们自己的利益大家行动起来！！！,水价上涨对已经有影响不公告，股价也不涨！所有股东联合起来在股东大会上投反对票！！,None,武汉控股,2
3666,不是心态的贪婪、不是心态的胆小、不是心态的恐惧、不是心态的不耐心......，而是头脑的不智慧！,星期一(   怎么走)？,None,中纺投资,2
3667,八月十五之前出公告！公告天下华芳向社会公开发行股票购买嘉化能源等上述资产。请山东和上海看过不要发言，如果做就是猪狗不如的畜牲。,八月十五之前出公告！公告天下华芳向社会公开发行股票购买嘉化能源等上述资产,None,华芳纺织,2
3668,什么是腾落指数？什么是adl？,什么是腾落指数？什么是adl？,股东,上海电力,2
3669,上半年全国规模以上工业企业利润总额增11.4%2014年07月27日 11:21  中国新闻网http://finance.sina.com.cn/china/hgjj/20140727/112119830116.shtml1-6月份，在41个工业大类行业中，35个行业利润总额同比增长，1个行业持平，5个行业下降。主要行业利润增长情况：农副食品加工业利润总额同比增长4.8%，纺织业增长10%，** 石油加工、炼焦和核燃料加工业增长1.2倍，化学原料和化学制品制造业增长10.4%，非金属矿物制品业增长19.3%，黑色金属冶炼和压延加工业增长17.1%，有色金属冶炼和压延加工业增长6.1%，通用设备制造业增长13.5%，专用设备制造业增长3.8%，汽车制造业增长29.1%，电气机械和器材制造业增长25.3%计算机、通信和其他电子设备制造业增长24.1%，电力、热力生产和供应业增长24.1%，煤炭开采和洗选业下降43.9%，石油和天然气开采业下降2.3%。价值投资 上海石化 600688,上半年全国规模以上工业企业利润总额增11.4%,None,中远航运,2
3670,国家能源局42名司局级人员名单中，来自原国家电监会系统的司局级干部就有30名，,国家能源局42名司局级人员名单中，来自原国家电监会系统的司局级干部就有30名，,None,上海电力,2
3671,人纵巧计夸伶俐，天自从容作主张，谄曲贪嗔真地狱，公平正直即天堂。,后走势会如何呢,None,联美控股,2
3672,"300130，不多说了 ，创业板暴跌,泥沙俱下，重组、业绩自己看，题材、概念自己找","权重股到头了，曝光翻倍黑马,底部横盘1年多 股东人数减少38%",None,古越龙山,0
3673,请大家把晖哥红岭人的贴顶起来，包括在万好万家吧。一定要团结！,请大家把晖哥红岭人的贴顶起来，包括在万好万家吧。一定要团结！,None,联美控股,2
3674,尼玛，这个垃圾股,尼玛，这个垃圾股,None,华胜天成,0
3675,看客,连这样的图表都不懂，劝你就回家别来做股票了！,,铁龙物流,2
3676,司徒令伯。搜,549+46卡罗拉，,None,招商银行,2
3677,"公告日期：2014-07-08证券代码：600176 股票名称：中国玻纤 编号：2014-026中国玻纤股份有限公司关于重大资产重组承诺方补偿股份赠送给其他股东实施进展情况的说明公告本公司董事会及全体董事保证本公告内容不存在任何虚假记载、误导性陈述或者重大遗漏，并对其内容的真实性、准确性和完整性承担个别及连带责任。中国玻纤股份有限公司（以下简称“中国玻纤”或“公司”）于2014年6月10日披露了《关于重大资产重组承诺方补偿股份赠送给其他股东实施进展情况公告》。根据相关承诺约定及股东大会表决结果，中国玻纤发行股份购买资产暨重大资产重组所涉及的相关承诺方，包括中国建材股份有限公司、振石控股集团有限公司、Pearl Success International Limited（珍成国际有限公司）、SurestFinance Limited（索瑞斯特财务有限公司）四家公司，需将其各自持有的16,641,457股、15,917,914股、26,771,038股、11,576,665股中国玻纤股票赠送给2013年度股东大会股权登记日（即2014年4月18日）登记在册的其他股东。鉴于本次股份赠送属于无先例事项，且上述被赠送股份有限售条件（股份限售期至2014年8月4日），预计至2014年8月，上述被赠送股份限售期满、解除限售条件后，可将股份赠送相关事宜办理完成。涉及到本次股份赠送的有关问题，投资者可通过以下方式和公司联系：联系电话：010-68139190传真：010-68139191特此公告。中国玻纤股份有限公司董事会2014年7月7日",仔细看下面的公告  就知道送股是怎么回事了,股东,中国玻纤,2
3678,比如，我说406股票将崩溃【在长线上，这是毫无疑问的；】但是，大盘的极强势，406崩溃的时间，相应的会延后；所以，应该灵活掌握，进退有度；本人只是一普通小散，不是别人所说的股神，不能因为我看对了几个票而盲目崇拜我，搞个人崇拜主义；我的所有观点，只能仅供参考，不能作为你们的操作依据；,声明，屠龙先生的观点，只能仅供大家参考，不能作为操作依据；,股东,国电南瑞,0
3679,如题,今天高位放量滞涨，庄家在利用大盘好出货！,None,北京城建,0
3680,哈哈。。。大盘涨这么多。。。。山东钢铁太給力了吧。。。。。,哈哈。。。大盘涨这么多。。。。山东钢铁太給力了吧。。。。。,None,山东钢铁,1
3681,主力还在散户们拿稳了！！！,大盘回调的时候就是这个维科发春的时候,股东,维科精华,1
3682,首先是公司高管通过中金进行结构性融资，中金做优先，收5000万的利息，高管自筹5000万（实际是二股东减持套现后无息借给高管们）共计一个亿通过大宗交易增持自家股票；第二步是二股东通过大宗交易把股份交易给公司设立的资产管理计划，成交价11.63，按照40%、30%、30%的比例分别锁定一年、两年、三年。然后董事长就接下来三年的业绩与高管对赌，标的就是高管增持的股票，如三年业绩增幅达标（50%、60%、50%），董事长承诺增持股票收益在25%以上。各项融资成本其承担，反之高管自行承担。有部分人在股吧称见顶或利空之类的，也许他们没有仔细看公告，也许是有意为之，只要你有点思想就能明白，这个事情是绝对利好。如果业绩达标但股票下跌，那么大股东要支付给高管的利润和融资成本就高达数千万。如果业绩不达标，高管们要拿出近千万的融资成本和管理费用。只有业绩达标股价上涨才能达到双赢。当然，不排除有些朋友做的超短线，否则短期的震荡真的不用在意。,美盈森本次公告分析（欢迎讨论）,None,美盈森,1
3683,这就是龙头板块，天成控股顺势而为吧，祝大家发财,有色集体涨停狂潮，预示有色金属伟大的炒作时代已经来临！,None,天成控股,1
3684,你看好这一只股你肯定会到贴吧来交流经验，也肯定有托来唱多 唱空配合主力，唯独那些说自己不是托而又不看好这只股的人，我怀疑你们大脑有问题，一只你不看好的股你天天到股吧到处叫还说自己不是托，来解救广大股民？,每个股吧里只有两种人，看好者，唱多者。,None,*ST合泰,2
3685,董事长：增发价37元多，现价只有27元多，做企业诚信为上,董事长：增发价37元多，现价只有27元多，做企业诚信为上,None,万邦达,0
3686,真是无敌的奇怪啊，嘴里天天骂这东西是狗屎，手里却有时刻都拿着狗屎，傻逼啊？怪怪怪,股吧里大部分是不看好373的，不看好就走呗？为啥还不走,None,中文传媒,1
3687,跑,放量滞涨看跌,None,天龙集团,0
3688,下午必跌,下午必跌,None,南京高科,0
3689,机构确实在打压吸筹，第一标准16元左右，满了仓不动。动一次，踏一次空。飞黄腾达。,机构确实在打压吸筹，第一标准16元左右，满了仓不动。动一次，踏一次空。,None,升华拜克,0
3690,自从我朋友买了洪城后，就失踪好一段时间了,自从我朋友买了洪城后，就失踪好一段时间了,None,洪城水业,0
3691,开盘卖露天煤业..买001215乘以二的那只股哈..,下午开盘卖出换成002429加一的那只股票,股东,露天煤业,1
3692,主力没命出逃为般？难道还没出完？,主力没命出逃为般？难道还没出完？,股东,东方精工,0
3693,是非不必争人我，彼此何须论短长，世事本来多缺陷，此身那得免无常。,后走势会如何呢,None,上实发展,2
3694,,去年涨得太多，今年大跌也很正常,None,天成控股,0
3695,鑫龙电器并购加速推进！！,鑫龙电器加快并购步伐!!!,股东,鑫龙电器,1
3696,我吴生提示主板何时见中线顶部：大盘在2215点左右将见顶！时间是在7月29号下午2点40分，7月30号10点20分，还有一个高点是8月4号10点。创业板在1328点受阻。后市少操作，在8月10号到29号股市会下跌到股民不敢相信的深度。但我们选择股票是不怕市场下跌，主要是半年报增长，错杀个股，如002336不能涨的话，我就相对小心。真正大量买入是4月28号到5月19号.短线是7月24.25号小市值个股，现创业板有资金在进。,我吴生提示主板何时见中线顶部！,None,海欣食品,1
3697,忠言逆耳，有人就是不承认股价的弱势。突破5元比较困难,忠言逆耳，有人就是不承认股价的弱势。突破5元比较困难,股东,曙光股份,0
3698,洛阳 7.54进的 明天能不能继续高歌？  大神们 请指点！！！,洛阳 7.54进的 明天能不能继续高歌？,股东,洛阳钼业,2
3699,龙大就是个狗娘养的，姥姥不疼舅舅不爱，大盘涨了这么多，个股飞上了天，龙大就是又聋又哑,龙大就是个狗娘养的，姥姥不疼舅舅不爱，大盘涨了这么多，个股飞上了天，龙大就是又聋,None,龙大肉食,0
3700,如上。,公积金有1元多了，中报送股吗？,None,纽威股份,0
3701,,被吴家忽悠三年亏了17万，警示后人千万别买，最没诚信的企业,None,日上集团,0
3702,一味的叫嚣狗屁的“公平正义”的假维权是股民大众的朋友吗？？那个说什么“管理层要想一想怎样才能对的起长期持有的股民”的SB， 你放的是没有味的圈屁！！没有股改的股票必须下跌！！看来你的脑子真的被驴踢过，这都不懂，难怪套牢！活该！！！还有那个空发感慨的“大盘暴涨，买的200771还亏30%的朋友，你怎么还不明白为什么你套牢不得解套？那是因为没有股改！！所以任何股改方案都是拯救广大股民的良药！这有错吗？？有错吗？？任何对B股股改说三道四的人，就是广大股民的死敌！！不对吗？,杭汽轮滞涨的原因：没有股改！！,None,杭汽轮B,0
3703,业绩也不错，这二十天咋了，涨幅也没多巨呀，咋大盘疯涨他却止不住跌，是洗盘吗。,哪位股友说说600351,None,亚宝药业,0
3704,可以从公司公告里窥出：“在B股市场率先取得突破的几家公司的解决方案并不适用于我们公司。公司也注意到在最近国务院促进资本市场建设的文件中，有关于探索B股市场改革的表述，我们也希望相关制度层面的改革能尽快启动”这是公司的原话，所以杭汽轮的未来的股改一定是创新的做法！和已经有的东电股改不会一样！！这里希望制度改革尽快启动，也印证了绝不是简单的缩股或者直接转A那样简单！无论方案怎么样，有一点是肯定的！即杭汽轮股价必须下跌，为未来的股改方案减少改革成本！,杭汽轮未来的股改方案初探！,None,杭汽轮B,0
2,大便又来看了,大便又来看了,None,华胜天成,2
3706,有谁能猜对，奖励大大的！,猜猜何时定增？猜对有奖！,None,辅仁药业,2
3707,儘管觸控面板產業冷，但觸控面板展的參加攤位數卻屢創新高。2014年Touch Taiwan即將於南港展覽館展開，今年參展廠商超過400家、攤位數更達1200個，傳出蘋果將使用的藍寶石相關設備與材料商，更是此次觸控展最大亮點。2014年Touch Taiwan全名為觸控、面板暨光學膜製程設備、材料展覽會，由台灣顯示器產業聯合總會（TDUA）所主辦，而TDUA又是TTLA、TDMDA、TEEIA三個分別代表台灣面板、材料與元件、設備的產業協會共同成立，也因此，Touch Taiwan雖然看起來是觸控面板展，但實際上參展的廠商涵蓋面板上下游，還包括設備與材料商。康寧年年參加友達（2409）與群創（3481）就是此展覽最大支柱，另外，國際大廠康寧更是年年參與；去年前來共襄盛舉的中國華星光電則因內部人事異動，今年將缺席台灣展覽；日本夏普與三菱確定參展；韓廠雖對台灣觸控面板展抱持高度關注，登記參觀人數再度創新高，但仍未規劃來台參展。今年Touch Taiwan最大亮點是，外傳新一代iPhone將採用的藍寶石螢幕設備廠以及材料商。其中，被外界點名已經接下訂單的中國雷射加工設備廠大族激光科技與另一家被德商Manz收購的台灣設備商亞智，將同步登場較勁。大族激光將展出目前最紅火藍寶石加工設備，包括高強化玻璃加工設備、平板顯示激光修復暨端子切割等加工設備、LED切割及裂片設備、自動化生產線設備、量測與三維座標測量設備等。,蓝宝石,股东,天通股份,1
3708,EM_StockImg_StartEM_StockImg_End传闻：雅本化学南通基地近期将正式启用。记者求证：记者致电公司证券部，工作人员表示环保部门正式验收后就可以启用。雅本化学(300261)主营业务为农药中间体、医药中间体的研究、开发、生产与销售。公司定位高端定制，近年来客户开拓实质性成果显著。而公司三大基地的布局以及投产一直较受关注，近期公司证实南通基地一期已在调试，正在做一些微调，近期会正式启用。公司称，该基地一期产能将数倍于太仓，本年度两条产品线投产。据了解，南通基地高规格，大规模，将作为“雅本制造”的旗舰基地，以BPP产能为例，IPO 之前公司的BPP产能约为150吨，募投后增加200吨产能。业内分析人士推断12年销量约为200吨左右，13年则实现满负荷，产销接近翻倍。南通基地即将投产的新线，规划产能为1000吨，为当前产能的3倍，定制模式使得公司并不会盲目扩产能，国信证券的研报也指出南通基地定位高端，体量巨大，公司会因此慎重选择项目。只有订单的储备和规模达到一定水平，如过亿品种，才考虑开车。因此判断，公司从上市以来就与国际巨头密切合作，保持着每年新增2-3家客户的势头，在手订单已足够支撑未来的发展。一旦南通基金投产，爆发力不可阻挡。有券商报告指出，公司定制模式成长逻辑清晰，公司技术体系优势突出，未来有望不断赢得新订单，获得长远发展；短期内，三大基地带来业绩保证，尤其是旗舰基地—南通基地的投产品类和储备产品，收入将实现翻番，而未来几年公司均处于业绩的爆发期。(来源:股市动态分析)[点击查看原文],雅本化学：南通基地近期将正式启用,新闻,雅本化学,2
3709,是闹给小散们看的吗?,"为什么这个吧里这么闹,神鬼莫辨?",None,S佳通,2
3710,宜通世纪主力己经无心恋战，起码中线是没有机会了。,宜通世纪主力己经无心恋战，起码中线是没有机会了。,None,宜通世纪,0
3711,,全是散户，，没有基金入驻，算咯 开盘就走了！,股东,时代新材,0
3712,操入北方股分,操入北方股分,股东,天泽信息,1
3713,我们还成熟，没有及时换股成了股市上的穷人,大盘疯狂，哈不涨，、大盘下跌时跑得比五条腿的野猪还快。,None,哈高科,0
3714,坚决别碰,主力出货明显，此股要远离,None,东百集团,0
3715,2.5元以下是成本区，不会大涨。建议2.5元以上再介入。,2.5元,None,中原高速,2
3716,今天跑的明天后悔,今天跑的明天后悔,None,锦龙股份,1
3717,春天播下的种子，秋天总会有收获！,春天播下的种子，秋天总会有收获！,,全柴动力,2
3718,首选证券金融。次选绩优股。,现在可以说，牛市来了，别买垃圾股了,None,中房股份,1
3719,一路持有，必有后福，信不信时间会证明一切的。收藏本帖 回复主题一路持有，必有后福，信不信时间会证明一切的。满仓,一路持有，必有后福，信不信时间会证明一切的。,None,好当家,1
3720,说你是垃圾，恭维你了，盘子一共10个亿，几个亿的资金能拉到天上去，由此可知，此股庄家垃圾的垃圾！,大盘连涨3天，你却跌了3天。,股东,中房地产,0
3721,恭喜600187下午肯定跌停,下午跌停,None,国中水务,1
3722,RT,又一次成功的判断！中房地产依然没机会！,,中房地产,0
3723,今年轻松上十二元,自贸龙头，一射千里,None,格力地产,1
3724,图形不佳，但股价始终便宜流通小，概念不错所以应该不会跌太多；放心持有！8元以上可期！,图形不佳，但股价始终便宜流通小，概念不错所以应该不会跌太多；放心持有！8元以上,None,天龙集团,1
3725,低看点也得10.10,今天收盘在10.20左右吧,None,格力地产,1
3726,600077:宋都股份每10股分红0.35元,600077:宋都股份每10股分红0.35元,None,深振业A,2
3727,板块轮动，下午到钢铁,板块轮动，下午到钢铁,None,宝钢股份,1
3728,风水未必会轮流转，拿着还没涨的可能永远不涨，而且调整的时候跌的更凶。以前炒创业板的时候基本上就没有转到大盘股，而是中小盘股反复上扬。一波行情有一波行情的炒作对象，尤其是现在盘子大了，不可能所有股票都涨。也许没涨的中间会反弹，但主角还是主流热点。002469应该尽早换票。,风水未必会轮流转,股东,三维工程,0
3729,放量滞胀，短调,放量滞胀，短调,None,兴发集团,0
3730,会大涨吗主力给指条明路,会大涨吗主力给指条明路,None,华润锦华,2
3731,紫江筑底已成，下午2：00后上攻，近期目标价5.70,紫江筑底已成，下午2：00后上攻，近期目标价5.70,None,紫江企业,1
3732,快讯！鹏翎股份次新股佼佼者中期收益0.80元！——鹏翎股份 (300375)：公司作为地处天津滨海新区的次新股，属于率先公布中报的佼佼者！中期每股收益高达0.80元，股价仅35.20元，明显低估，且目前超跌。公司总资产负债率不足19%，企业风险极低，发展新项目空间巨大。公司是车用胶管系统领先企业。主要产品为汽车发动机附件系统软管及总成、汽车燃油系统软管及总成、汽车空调系统软管及总成等六个系列2000多种规格的汽车用胶管。目前公司为国内50多家主机厂供应汽车胶管，包括一汽大众、上海大众、一汽轿车、美国福特、德国大众等。近三年来公司主要产品在国内轿车新车市场占有率在30%以上。同时公司已经表示一定要开始向船舶等其他潜力巨大的领域拓展（不排除航天军工领域）。公司在胶管的匹配连接、脉冲疲劳性能、低介质渗透性等方面已经积累了一批专有技术，形成较为明显的优势地位。产品不断推陈出新，国产芳纶线Ⅱ在耐压胶管中的应用示范等新产品正在推出，其中汽车冷却水管、燃油胶管分别达到了代表目前国际较高水平的标准；公司拥有的产品检测中心，具备满足国内外100多个主机厂和国家及行业汽车胶管标准的检验、分析能力，并能够根据产品使用工况自行设计、开发产品试验方案和试验程序设计，已成为国内同行业中设施完善、规模较大的汽车胶管产品测试基地之一。其中燃油流经试验仪、液体高压脉冲试验机、涡轮增压胶管空气脉冲试验机、综合程控橡胶老化试验机等多个台架试验设备均为国际先进水平。2014年中报披露，报告期内，公司业绩增长主要系国内汽车市场尤其是德系汽车销量持续稳增所致。同时公司从2014年开始实施的股权激励机制，锁定三年净利润增长率分别高达22%、28%、47%！，体现了公司的业绩增长思路、发展信念和信心，对公司和投资者都具有指导和决策意义。鹏翎股份最新指标 (2014年1-6月)    大智慧数据中心制作:更新时间:2014-07-28每股收益      (元):0.8000            目前流通(万股)     :2220.00每股净资产    (元):9.6210            总 股 本(万股)     :8869.15每股公积金    (元):3.3276            主营收入同比增长   (%):17.00每股未分配利润(元):4.3677            净利润同比增长     (%):20.95每股经营现金流(元):0.1885            净资产收益率       (%):8.66,快讯！鹏翎股份次新股佼佼者中期收益0.80元！,股东,登云股份,1
3733,1,宏观分析,None,广汽长丰,2
3734,002712，浙江杭州思美传媒股份，所属行业：文化传媒。主营范围：设计、制作、代理、发布国内外各类广告，企业形象策划，市场调研服务，会展服务，培训服务，经济信息咨询服务。思美传媒股份公司流通股本仅0.21亿股，总股本仅0.85亿股。预计今年1-6月获得归属于上市公司股东净利润高达近5000万元、同比去年同期高成长获达30%甚至以上的优秀经营业绩。思美传媒股份目前股价不到50元对应市盈率不到40倍，明显是严重底部估值的小盘绩优高成长新兴行业类极其优质小盘高成长绩优股。 1,"#极阴毒的广东广州地股市股吧垃圾必全族惨死绝,",None,思美传媒,0
3735,我打算好了 准备吃套一年,耐心低吸  坚决持股   主力你就套住我把,股东,恒立油缸,1
3736,大盘都快涨停了，你就动动呗，,大盘都快涨停了，你就动动呗，,None,华数传媒,0
3737,EM_StockImg_StartEM_StockImg_End传闻：克明面业今年重点研发项目生鲜面获专利。记者求证：记者致电公司证券部，工作人员证实该消息，但表示该产品正在研究生产阶段，批量上市则不确定。克明面业(002661) 作为一家专注于挂面食品的研发、生产及销售的上市公司，今年重点新项目生鲜面因市场需求量大，颇受投资者关注，近期有消息称该研究项目生鲜面系列目前获得一项新的发明专利，名称为生鲜面条及工业化生产方法和搅拌装置。对此公司表示目前市场上对生鲜面的需求很大，生鲜面正处于研究阶段。据国家产权局官网显示，该专利申请公布号为CN103932049A，公布日2014年7月23日。相关信息显示该发明方法简单易行，科学合理，适合工业化生产运用；通过改进和料工艺步骤及设备，提高了和面的均匀性，有利于面筋的形成，使生产出的生鲜条面含水率可达37%~42%，与手工面品质相媲美甚至优于手工面，既释放了人工，又达到了人工的和料效果。据公司财报显示，公司一季度实现净利润2525.49万元，同比增长28.55%，预计今年上半年实现净利润4572.6万元至5611.83万元，增长幅度为10%至35%。此外，克明面业近日刚刚完成相关股权激励计划，公司公告，激励计划股票期权与限制性股票的授予日为本月11日，股票期权行权价格为31.05元，限制性股票的授予价格为15.33元。激励计划包括高级管理人员、中层员工骨干、核心业务(技术)骨干人员以及董事会认为需要以此方式进行激励的其他骨干员工，共计48人。(来源:股市动态分析)[点击查看原文],克明面业：今年重点研发项目生鲜面获专利,新闻,克明面业,2
3738,心态良好的人，技术可以越学越精。,维持现状还是找寻突破？,None,三峡新材,2
3739,主力这种2货，这个时间，这个位置还洗，尼玛不是脑残就是2货,今天一天赚了500万，哎，油钱有了,None,益生股份,1
3740,下午开始。,下午开始向上行情,None,胜利精密,1
3741,飞马有望再次腾飞！,除了广告，没有新帖。,None,飞马国际,1
3742,今晚公布证监会核准重大资产重组！,今晚公布证监会核准重大资产重组！,None,湖北广电,2
3743,妈的,券商股爆发，参股券商的都死哪儿去了,None,长城信息,0
3744,小心为上，不能再追高了，等下调再次买入．二股东的消息也得一个消除影响的过程．,KDJ预示超买，小心了！,None,大连热电,0
3745,是庄家显示控盘能力。持仓不够。散户割肉给庄家，下午我拋10万股庄家够了吗。,3元一到。大卖单立即出现。上次1万3千手。今天少了一半6千手。,None,深深房B,0
3746,任何时候都要有清醒的头脑，这个市场圈钱的本性不变。,圈钱目标不变,None,工商银行,0
3747,成交低迷，股性呆滞是伟星旗下几只股票的特点。地产滑落，伟星经营必然萎缩。这正是貌似业绩不错，但无主力关注的原因。大小非出货急切，考小难有作为。忠言逆耳，谢绝谩骂。,成交低迷，股性呆滞是伟星旗下几只股票的特点。地产滑落，伟星经营必然萎缩。这正是貌,None,伟星新材,0
3748,下午跌停，大家快闪,下午跌停，大家快闪,None,广晟有色,0
3749,【常长亭】让２０００点割肉者跳崖去！【研判日志纯属个人观点，据此买卖自行担当风险！】【中国梦.强国梦.强军梦.富裕梦.更是圆股市大涨梦！】前期观点&lt;警防主力抓旧放新&gt;推出后，被主力运用到了极点！被散户忘切了的煤炭，有色，金融，证券在近几天大赚眼球！特别是有色金属行业更是如火如荼！当然，在这里我要提醒所有的股民朋友！千万莫被市场左右耳光！听我劝的股民们，若在２０００点半人民币换成股票的，好好地捂好手中的潜力股！以我１９年的经验来说，当一轮行情启动时，在低位买入的潜质股持有到行情顶点时，收益率一定很大很大！重要的是不要老追逐热点，替证券公司的打工，而是在行情不断地进展时，好好地分析研究潜质股，在潜质股还没有上涨之前买入锁仓＿＿＿＿＿这才是我们散户们的重要操作策略！股民兄弟姐妹，若你在２０００点斩仓割肉的，你也别悔恨，也别跳崖，你继续好好地去领悟习李政策，你就知道行情还停留在底位，你尽快改变思维，领悟政策，做好功课，筛选潜质股在回落时逐步买入等待！还是那句话，你有闲钱尽快换成股票，你想买第二套房收租，你再等二年，先进股市赚些钱再去买楼！千万别错过习李给我们最大的政策红力！实现中国梦必先让我们中国股民先富裕起来！潜力股筛选洼地：１）国企改革必将给予股民最大的红利所在；２）重组并购必将是行情最大的涨幅所在；对于相关个股，有兴趣的加入到常长亭的铁杆队伍中来，提前获得钻研的投资报告和投资策略！,让2000点割肉者跳崖去,股东,银河磁体,0
3750,目标200，全仓杀入,目标200，全仓杀入,None,广晟有色,1
3751,无花，无花，凋零之花！你非那百毒不侵的无花果，只是一朵残败的无名花。送你一句话：深明凡事，谋定而动，切勿哗众取宠，贻笑大方。观今市场，创业板大势已去，理应转战低值蓝筹，不应迷恋已被抛弃的创业板，这才是你的明智选择和对外口吻！,无花，无花，凋零之花！,股东,东方国信,0
3752,“数据点评2014上半年的主力手法红帆起航”下半年必须要关注的策略。,操作误区对比你不该去改善，实现盈利,None,广晟有色,2
3753,比300166弱得多。下午小心跌停吧。明天无反弹。继续大跌,比300166弱得多。下午小心跌停吧。明天无反弹。继续大跌,None,神州信息,0
3754,大盘狂涨，这垃圾不动还下跌，主力缺爹了，老子闪了1000股，赚了老子200块给你女马擦比去,002036真垃圾啊，闪人,None,宜科科技,0
3755,下午有可能大跌。参考300166,下午有可能大跌。参考300166,None,神州信息,0
3756,等吧,晚上应该会有公告,None,合众思壮,2
3757,发拉,混合所有制第1股,None,顺网科技,2
3758,我站在14元的高岗上，向下一望，还有好多和我一样的散户，哞！叫我向下不敢看！！！,我站在高岗上,股东,中兴商业,1
3759,下午跌……停，大家小心为妙,下午跌……停，大家小心为妙,None,广晟有色,0
3760,卖掉赚了9%的601898中煤能源，买入002061江山化工这个垃圾股再来赌一把！,卖掉中煤能源，买入江山化工！,股东,江山化工,1
3761,司徒令伯,哇哇哇哇问问,None,江淮汽车,2
3762,请教高手,4个多亿的流通盘 怎么每天都是上千手的挂单？,股东,江山化工,2
3763,最大的失败是上周一卖了证券买了江淮！恨啊！,最大的失败是上周一卖了证券买了江淮！恨啊！,None,江淮汽车,0
3764,公告日期：2014-07-28证券代码：002504              证券简称：东光微电              编号：2014-064江苏东光微电子股份有限公司关于收到中国证监会行政许可项目审查一次反馈意见通知书的公告本公司及董事会全体成员保证公告内容真实、准确和完整，并对公告中的虚假记载、误导性陈述或者重大遗漏承担责任。江苏东光微电子股份有限公司（以下简称“本公司”）于2014年07月28日收到《中国证监会行政许可项目审查一次反馈意见通知书》（140750号），中国证监会依法对公司提交的《江苏东光微电子股份有限公司发行股份购买资产核准》行政许可申请材料进行了审查，现需要公司就有关问题作出书面说明和解释。并在30个工作日内向中国证监会行政许可受理部门提交书面回复意见。公司与相关中介机构将按照上述通知书的要求，在规定的期限内及时组织相关材料报送中国证监会行政许可申请受理部门。本次重大资产重组尚需中国证监会的核准，能否获得核准尚存在不确定性，公司将根据中国证监会审批的进展情况及时履行信息披露义务。请广大投资者注意投资风险。特此公告。江苏东光微电子股份有限公司董事会2014年7月28日[点击查看原文][查看历史公告]提示：本网不保证其真实性和客观性，一切有关该股的有效信息，以交易所的公告为准，敬请投资者注意风险。,东光微电:关于收到中国证监会行政许可项目审查一次反馈意见通知书的公告查看PDF原文,公告,东光微电,2
3765,持有,20元必定到,None,江淮汽车,1
3766,小盘金属股，看高到88元，坐等，长期持有,小盘金属股，看高到88元，坐等，长期持有,股东,精诚铜业,1
3767,庄家控盘后，一年涨过十倍，八倍的，如猴子上树，轻而易举！,600331盘子小，资源第一，涨个10倍那随手之事,股东,宏达股份,1
3768,一线蓝筹差不多了，准备下手二线蓝筹。,一线蓝筹差不多了，准备下手二线蓝筹。,股东,ST宏盛,1
3769,出大问题啦！据说有机构正在打压吸筹，小心啦！,完了！完了！！,None,美亚光电,0
3770,回调低吸。大盘短期强势确立，赚钱效应明显，热点集中且延续性好，有望进一步吸引新增资金入场，有这股的拿好，既然是热点，肯定还要冲！,回调低吸。大盘短期强势确立，赚钱效应明显，热点集中且延续性好，有望进一步吸引新增,股东,开滦股份,1
3771,"300130，不多说了 ，创业板暴跌,泥沙俱下，重组、业绩自己看，题材、概念自己找","权重股到头了，曝光翻倍黑马,底部横盘1年多 股东人数减少38%",None,宏达新材,0
3772,"这人会不会和000780有关系。http://finance.eastmoney.com/news/1344,20140728405344635.html",铁路大亨王春成被带走调查 曾向军方大老虎送房产,None,平庄能源,2
3773,坐等下午拉8个点,洗盘结束 小散们跑的差不多了吧，哈哈 下午开拉！,None,环旭电子,1
3774,复星让豫园也去参与一些象买好莱屋影视公司或者直接低市盈率参与国企混和所有制，让600655变成一个投资公司，那就有大戏了，中国的伯克希尔复星国际的弟弟嘛。,能对豫园构成利好的只有一个,None,豫园商城,2
3775,只有哭：27元进的，几次除权后也在16元。救救可怜的人吧。，几次除权后也在16元。救救可怜的人吧。,只有哭：27元进的，几次除权后也在16元。救救可怜的人吧。,None,南岭民爆,0
3776,"近段每日鲁西三四次,要让鲁西爽到点!",短线客进入鲁西,None,鲁西化工,1
3777,调整单位明天大涨,调整单位明天大涨,None,当升科技,1
3778,第一目标位10.50，量能不萎靡，放心持有。,第一目标位,股东,株冶集团,1
3779,今日开盘冲高完全是大户和小散抢上去的，机构顺势冲仓。机构并没出局，下午还能到7元附近。短线指标到高位，有调整要求，估计有2-3天调整。周四或周五应能站到7元以上。,226走势分析,股东,升华拜克,1
3780,王者归来！20不是梦！,28日下午强势涨停！,股东,株冶集团,1
3781,,沪港通对丹华B股是一个利好它价格低、AB要有一个平均,None,丹化科技,2
3782,什么时候，是不是要发贴啊？,同花顺涨停了,None,江苏索普,1
3783,唱多的都有问题,主力拉高出货呢，唱多的都有问题,股东,新华龙,1
3784,日吴家它祖宗,14.2元4万股日上，不解套绝不退出，该死的吴家,None,日上集团,0
3785,洗完更健康！,洗完更健康！,None,柘中建设,2
3786,换股,"该涨不涨,理应看跌",None,亚通股份,0
3787,1、长城哈弗H6 14.31万辆2、上海大众途观 12.753、东风本田CR-V 9.544、北京现代ix35 7.125、奇瑞瑞虎 6.936、长安福特翼虎 6.927、一汽丰田RAV4 6.338、奥迪Q5 5.489、长安CS35 5.3710、长城M系列 5.36,2014年上半年销量前十位SUV,None,长安汽车,2
3788,填权行情即将爆发,填权行情即将爆发,股东,思源电气,1
3789,12.55接盘,收盘价13.25,None,长安汽车,2
3790,等了半年，8块钱追进去后一直跌跌不休，还好后来补了些差价，成本6块6了，快解套啦！！！谁要是在这里唱空，那么这个一定是不怀好意的人，散户们拿好了，美锦走起！！！,很久没动了，终于野百合迎来了春天,股东,美锦能源,1
3791,今天涨停股数不多，小心为好。,今天涨停股数不多，小心为好。,股东,国元证券,0
3792,大股东沈煤集团林守信怕大家冰炭不同器，想通了，怕惊动纪委被双规，所以将用5亿增持！使股民大家都能赚！,大股东认为股价严重低估，将用5亿增持！,股东,红阳能源,1
3793,卖出000728第二理由就是别的证券股上涨资金净流入而000728净流出1500万资金,卖出000728第二理由就是别的证券股上涨资金净流入而000728净流出1500万资金,None,国元证券,0
3794,无良黑庄，大盘这么好压盘不涨，一两个游资看上，几千万资金直接上板。直通庄的屁眼。。。。,看庄能忍多久？,None,红阳能源,1
3795,沪港通 T+0将为券商带来重大利润增长点，坚定做多券商股！,沪港通 T+0为券商带来利润增长 利好券商股！,None,国元证券,1
3796,垃圾一样的东西，套了半年亏损20%，就这种软件能用？,请sb新月再出来画图画线推销他的软件！,None,三力士,2
3797,上海电力圆满完成亚信峰会保电任务,上海电力圆满完成亚信峰会保电任务,None,上海电力,2
3798,天亮了，做梦的赶快醒。。,赶快跑，下午或是最后出逃机会！！,None,西藏旅游,0
3799,"沪超级&quot;智能电厂&quot;明年建成,多种清洁能源互补运行!","沪超级&quot;智能电厂&quot;明年建成,多种清洁能源互补运行!",None,上海电力,2
3800,放心吧，20元出货！,每一次的调整就是买进的机会！,None,江淮汽车,1
3801,这次终于可以看到众多股东投票了，前几次的那叫股东大会吗？一大帮人围着两人，像围观猢狲出把戏。坚决反对董事会随意变更有效期，好像开股东大会不要成本似的。想开就开，希望有良知的小股东联合起来共同发出我们的声音——反对！！！,反对董事会决议,None,武汉控股,2
3802,等着吧,下午大盘下跌，418必上,None,江淮汽车,0
3803,总是价格一个大波动，接着就是横盘，，第一天和第二天从高位你个巨量拉下，接着横盘缩量，尾盘放量拉升。。第三天也就是今天，盘中一个巨量抬高价格接着回落。感觉是主力(也许叫不能叫主力，太没用，这么利好的消息也不晓得拉升，让我们小散开心开心)~故意这样，把他们手中的筹码卖掉。。。搞不懂。。。。鸡肋啊。,仔细看下这图。。。,股东,时代新材,0
3804,"大盘跳空暴涨3%的秘密！上周著名3连阳理论大师赵丹阳发表了《中国油改是引爆新一轮牛市的导火索》《泰山石油将是牛市腾讯阿里争抢油改股龙头引爆点》两篇文章是今天大盘暴涨的原因，现印发文章给各位看：《泰山石油将是牛市腾讯阿里争抢油改股龙头引爆点》泰山石油206座加油站价值超过100亿，素有“私募教父”之称的 赵丹阳 ,其市场观点一直备受业界推崇和关注。在今年的诺亚财富赤子之心上海投资策略会上,赵丹阳表示,目前A股已经进入最便宜的时候,混合所有制将是中国牛市的引爆点。近日港媒报道称腾讯成立腾讯石化公司拟以人民币375亿入股2.5%中国石化旗下油改重组剥离的新销售公司，中国油品销售股份有限公司(筹)，一家即将新成立的公司拥有超过30500家加油站。去年，该公司财务审计盈利351亿元人民币。根据腾讯石化375亿参股2.5%估算，该公司市值15000亿。也就是说，每个加油站评估价达4000万/座。外加油库和便利店3000亿资产。加油站业务是石油产业链中属于最优良资产。在完全市场化的交易中，加油站的价格也曾被炒成天价。根据目前的市场行情，沿海发达地区加油站的市场价格为10000万元/家，华北华南地区为9000万元/家，东北地区为8000万元/家。河北某地加油站拍卖价3990万元，武汉更是曝出18800万元加油站！而泰山石油（000554）在山东省，拥有的加油站数量超过206座，其间蕴含的价值相当惊人！泰山石油是中石化旗下最大的成品油销售上市公司，地处全国重要能源基地和能源大省山东省，山东省成品油全年销售量500万吨，而泰山石油则销售48万吨，占比近10%。其中有近三分之一的油站分布于京福高速公路、京沪高速公路、济青高速公路周围，市场零售率超过70%。2010年广东省有6个加油站公开拍卖价格高达3.9亿元。那么仅以5000万/座的中间价格粗略计算，泰山石油拥有的这206座加油站价值将超过100亿元。此外，泰山石油还拥有5座油库，总储量为18万吨的，其中最大的油库是利民油库，目前储量10万吨，这也是山东最大的油库，该油库占地1000亩，总面积1800亩油库，按每亩100万计算，5座油库价值18亿。",大盘跳空暴涨3%的秘密！,股东,江淮汽车,1
3805,1,我卖了  卖了的报名,None,蒙草抗旱,0
3806,本来想卖了你换交行，现在交行涨停，我不卖了，再持有你两年（已经持有两年了）,电建主力在搞什么鬼？,None,中国电建,1
3807,000778新兴铸管仅供参考，自己看资料，必须翻倍，立帖为证,浅套的，下午换股，再不换就没机会了,None,日上集团,0
3808,本来可能3个板，这走势大家都配合点的话可能有5个板,按大盘这个涨法，山焦复牌可大涨可期,股东,山西焦化,1
3809,庄该看看涨停的几个西藏股，一有消息就利用上了,中国首家暗夜公园在西藏阿里投入运营,股东,西藏旅游,1
3810,羡慕啊！,要大涨了，连续三个涨停,None,山西焦化,1
3811,荣华总是三更梦，富贵还同九层霜，老病死生谁替得，酸甜苦辣自承当,开始吸盘了如何把握逆袭的三大要素,None,齐鲁退市,2
3812,去它妈的药波，11.76卖了，涨停板买入北化股份，不知对吗?,去它妈的药波，11.76卖了，涨停板买入北化股份，不知对吗?,None,山东药玻,0
3813,长期关注600406的股友们应该都能发现，其实国电南瑞是补涨型的股票，继续看好600406。五个工作日之后必有大反弹。拭目以待。,长期关注600406的股友们应该都能发现，其实国电南瑞是补涨型的股票,股东,国电南瑞,1
3814,我开盘31.35买了13000股，应该不会有事,我开盘31.35买了13000股,股东,厦门钨业,1
3815,历史重现,17元回打到15.2现17.88回打到16.2左右,股东,宝钛股份,1
3816,生病的人太多了,它要是医药板块就一定会涨,None,中珠控股,1
3817,广东明珠业绩第一！矿业金融新能源 多热点超低估！——广东明珠（600382），预告中期净利润预增6倍，每股收益将高达2.40元以上！堪称两市第一预增王！，目前9.60元股价，中期市盈率仅4倍，也是第一低市盈率股，更远远低于目前大盘银行股的年度10倍左右市盈率！而且，公司目前手握补偿款和分红款超过11亿元，总股本已经全流通仅4.312亿股（去年每股收益就高达0.59元）。其长期参股投资的大顶矿业是华南第一露天富矿，拥有优质磁铁、锌、锡等资源，每年分红高达8000万左右，业绩也远远超过目前两市许多亏损和绩差的大盘矿业股。公司目前还有1.3亿元原始价格的民营银行、农信社金融投资，没有按照目前市场增值计算；还有核题材的核阀门产品，新能源汽车投资，房地产投资，老字号百年酒业等，销售毛利率高达80%以上，总资产负债率仅12%，企业风险极低，发展空间巨大，目前手上的十几亿现金投向迫在眉睫，众望所归的新项目题材神秘莫测，更将一触即发！作为以实业投资为主的 广东明珠，其投资热点都涉及了当前的最主要的市场炒作热点，包括目前持续大涨的矿业资源、银行金融、新能源汽车，以及房地产和酒业等开始回升松动，板块股价也同时强劲上涨！作为预增王，其目前股价严重低估，题材也是绝无仅有，是有胆有识的机构可以迅速、及时介入的最佳品种——进可攻。有估值和题材炒作行情；退可守作为市值配售股，至少可安全持股7个月以上，没有中报年报业绩风险！,广东明珠业绩第一！矿业金融新能源 多热点超低估！,股东,新华龙,1
3818,盘小价低,为什么说000717即将成为钢铁龙头,None,韶钢松山,2
3819,他们找机会上车，也不看看铅价锌价涨到什么时候现在快涨到 2010年价格，那时想600331是 25元一股，现在才多少，今天高点就是明天的低点，天天如此,那一些希望宏达跌的人，就是最好看好的人,股东,宏达股份,1
3820,,你是高手,None,韶钢松山,2
3821,不要因为便宜去买股票,不要因为便宜去买股票,None,上海电力,2
3822,哈哈,长春高新来了,None,北生药业,1
3823,因为每一次放量都是出逃的好时机，屡试不爽！,我庆幸清了600380一部分股票,None,健康元,0
3824,(1)从公开资料显示，科大讯飞高管减持股份除权后价格在28-29元左右，说明28-29元是庄家认可的一个股价阶段高点。（2）庄家会在低位减持股票吗？显然不会！从该股的K线图上来看，庄家要减持股票也会在6月16日-7月9日之间的相对高点减持。（3）一般来说半年线是庄家持股的平均成本，目前半年线价格在25元左右，低于此价可看做庄家洗盘。（4）此股从K线上来看，已经破位。一般破位的股修复均线再走向上的行情需要一段时间，除非出现突大发利好事件。（5）公开资料显示，基金减仓改股。基金减仓了多少，你我都不知道。但至少不是全部减仓。相信有基金也会如同我等小散被套。  结论：在目前价位，不可过于看空，且耐心持股看均线修复。当然如果你有更好的投资标的或忍受不了低位徘徊磨底，大可出局。同时说看高该股股价至40、50元，可能也是在忽悠人的。,讯飞之浅见,None,科大讯飞,1
3825,1,拿着这票的 进来吧,None,新宁物流,2
3826,"公司近况长安汽车7月25日公告，其控股股东中国长安集团（中国长安）于6月10日至7月24日间，减持长安汽车股票4,332.18万股，持股比例降至39.11%。中国长安同时承诺未来12个月内中国长安及其一致行动人不会继续减持长安汽车股票。评论3Q13~2Q14中国长安通过减持获现约30~32亿元，短期资金压力得到缓解。我们认为中国长安的减持应与其自身的阶段性融资需求和资金安排有关。中国长安的两期总值为30亿的三年中期票据，分别于13年10月21日以及14年3月30日到期。中国长安受过去收购哈飞昌河影响，以及哈飞等子公司的亏损拖累，偿债能力大幅低于行业平均(图1)，在3Q13，资产负债率已达到73%。中国长安从3Q13开始共减持2.71亿股，获现资金（30亿元左右，以均价11~12元/股计算）基本与兑现中票的金额相当，短期的财务压力已基本解除。大股东减持基本结束，估值中枢有望进一步提升。过去三个季度，虽然长安基本面强劲增长，但股价却在12元附近遇到加大的压力，大股东的持续减持给股价带来了一定的压力。随着减持的告一段落，长安的股价中枢有望随着长安福特、长安自主品牌盈利能力的持续改善而上涨至16元附近。福特在华份额大增，福特管理层对中国市场保持乐观：福特管理层在2季报说明会上对中国业务大为赞赏，市场份额由两年前的2%提高到目前的4.6%。公司从中国四线到六线城市获得了较多增长。未来还会继续引进更多新车型，包括豪华车林肯。管理层表示其在华合资企业的利润率，未来随着产品布局的完善、车型结构的优化，可以达到与通用汽车相当的水平（通用汽车在2季报中披露在华合资企业营业利润率为10%）。长福新一轮产能即将来临，国产化率提升带来的盈利改善同样值得期待。从4Q14~1Q15，长福的产能将从现有的60万辆提升至120万辆，伴随着产能投放和新车型导入之外，重庆长福40万台变速器产能已经投产，而杭州变速器工厂有望在新车型陆续上量后建设投产，届时长福的盈利能力将得到进一步提升。估值建议维持14/15年的盈利预测，和A股17.8元，B股19.5港元的目标价。股东减持结束将对长安股价形成利好，长安股价有望在三季度随着长福盈利的提升和CS75产能的释放迎来新一轮上涨周期。风险乘用车行业需求弱于预期，长安本部亏损幅度大于预期。",大股东减持结束，股价迎来利好,股东,长安汽车,1
3827,最近此股很差，大家涨它不涨，是不是要大家跌时，它才涨？,最近此股很差,None,厦工股份,0
3828,可能,13.12收怕,None,长安汽车,2
3829,长期持有！！,长期持有！！,股东,苏交科,1
3830,主力已经将股价拉到阶段性高点，等解冻资金往里面跳呢！,主力已经将股价拉到阶段性高点，等解冻资金往里面跳呢！[大笑],股东,国元证券,1
3831,哈哈,7.65又加仓5000，成本是越来越高,股东,蓝鼎控股,0
3832,为什么要卖出000728换601688因000728要增幅主力为低价增幅一般要打压故此股涨幅不大,为什么要卖出000728换601688因000728要增幅主力为低价增幅一般要打压故此股涨幅不大,None,国元证券,0
3833,14的本,14的本,None,方正电机,2
3834,现在正规的医院人满为患，生意好得不得了，坚决看好医药、养老等行业,长线投资医药、养老行业,None,恒瑞医药,1
3835,不要相信卖软件的,不要相信卖软件的,股东,天瑞仪器,0
3836,移动平均线八大法则,移动平均线八大法则,None,上海电力,2
3837,炒浪潮信息他妈,下午又要大跌，快跑，浪潮信息要大量减持,None,东港股份,0
3838,什么是乌云线？,什么是乌云线？,None,上海电力,2
3839,可恶的300341每次大盘大涨就停盘，亏透了！,可恶的300341每次大盘大涨就停盘，亏透了！,None,麦迪电气,0
3840,【德威新材】上攻势头很猛,德威新材上攻势头很猛,None,上海电力,1
3841,套牢盘出来了。。好,套牢盘出来了。。好,None,中发科技,1
3842,发展后劲强劲 估值安全边际高,发展后劲强劲 估值安全边际高,None,上海电力,1
3843,慎入,下午跌停，慎入,股东,华电能源,0
3844,该走了，大盘要调整了，个股要跌了,该走了，大盘要调整了，个股要跌了,None,美尔雅,0
3845,落后于大盘涨幅，大好机会即将错过，是我们散户的悲哀,大盘大涨40多点，红阳弱弱的,None,红阳能源,1
3846,南纸这次重大资产重组就是为了圈钱，完全不是做大做强上市公司，我们千万不要让福投阴谋得逞。注入垃圾资产中闽能源还是改变不了南纸的垃圾本色、当初就是大股东为了自己的利益放弃立优秀企业华信。这次在怎么重组也不会出来华信这样的优秀企业，而是一些像中闽能源的这些垃圾资产。我们对大股东为了自己的利益和无畏的圈钱表示强烈愤慨，要求立即终止此次重组，不让福投圈钱阴谋得逞,福投就是垃圾企业，垃圾回收站，强烈谴责当初错失华信石油,None,福建南纸,0
3847,快跑啊,"主力偷偷出货，快跑,下午必开板！",None,新华龙,0
3848,顺之者昌,趋势难撼,股东,招商银行,2
3849,老子7.90成本！,你就冼吧！看谁熬过谁,None,钱江水利,1
3850,自从买了洪城之后，我朋已经失踪好些日子了，,自从买了洪城之后，我朋已经失踪好些日子了，,None,洪城水业,2
3851,明天半年报，今天就这个样子吗?完了！,明天半年报，今天就这个样子吗?完了！,None,东睦股份,2
3852,哈哈,国企改革成为未来的主线,股东,华发股份,1
3853,田集4号机组投产成功,田集4号机组投产成功,None,上海电力,2
3854,上周增仓九鼎新材,增仓九鼎,股东,九鼎新材,2
3855,多头市场有何特征？,多头市场有何特征？,None,上海电力,2
3856,大家验证,近期，300314涨上40元是肯定的！,None,戴维医疗,1
3857,国家核电与中电投将重组合并,国家核电与中电投将重组合并,None,上海电力,2
3858,说长道短之人不可敬他,短期操作要点,None,银河磁体,2
3859,上海国资改革第一股,上海国资改革第一股,None,上海电力,2
3860,哈哈,小心我抛770万股原始股 不要吓死奥,股东,苏交科,0
3861,上海电力新项目投入运行,上海电力新项目投入运行,None,上海电力,2
3862,"估计还要跌 , 没错 .","跌势形成 , 估计宜安本周还要跌",None,宜安科技,0
3863,想赚钱少说话 少发帖。,想赚钱少说话,股东,生益科技,2
3864,支持梦洁和富安娜，在三国之战中，干死罗赖！,实业之战，也是股市之战！,None,罗莱家纺,1
3865,广州不发展表现太差，为广发默哀一下,国企新一轮改革大幕拉开，广发集团是裸泳还是会被兼并？,None,广州发展,0
3866,选择富安娜,远离罗赖！就算要买同类股，也选择富安娜！,None,罗莱家纺,1
3867,爆发吧,600064南京高科：持有南京银行3.3亿股，栖霞建设1.37亿股，中信证券5400万股,None,南京高科,1
3868,卖卖卖卖卖卖卖卖卖卖卖卖卖卖卖卖,卖卖卖卖卖卖卖卖卖卖卖卖卖卖卖卖,None,东方国信,0
3869,悲剧的二八转换，大资金一动，吓得所有小资金动都不敢动。,二八转换,None,维科精华,2
3870,什么是综合指数和成份指数？,什么是综合指数和成份指数？,None,上海电力,2
3871,1,最新消息.实战技巧、盈利方法,None,福瑞股份,2
3872,上海电力Pk太原重工,上海电力Pk太原重工,None,上海电力,2
3873,回避一下了，免得越跌越深了 88,回避一下了，免得越跌越深了 88,None,威远生化,0
3874,能够重组三变科技也是本山大哥人生梦中国梦？,三变科技重组能否进入实质阶段？？？,None,三变科技,2
3875,180本周能涨到13块吗？,180本周能涨到13块吗？,None,瑞茂通,1
3876,华泰证券：电力板块,华泰证券：电力板块,None,上海电力,2
3877,下午跌停，赶紧抛掉，主力趁机减持,下午跌停，赶紧抛掉，主力趁机减持,None,国中水务,0
3878,我是这么判断的,从今天最低价是2.32分析，主力有向上补2.41元的向下跳空缺口的计划,None,福建高速,1
3879,不信走着瞧,按庄家炒作风格宝钛要回打到16.5元以下,股东,宝钛股份,0
3880,国家核电与中电投合并,国家核电与中电投合并,None,上海电力,1
3881,反弹行情感觉开始了,有机会 抓住机会吧,股东,国电南自,1
3882,悄悄的，涨起来了,悄悄的，涨起来了,,上海电力,1
3883,hh,多头在抵抗，看多,股东,中国医药,1
3884,庄家的妈妈爸爸2014年7月28日死了,庄家的妈妈爸爸2014年7月28日死了,None,美罗药业,0
3885,10块钱以下再进吧,10块钱以下再进吧,股东,中国医药,1
3886,吉恩镍业,吉恩镍业 拿票入：386951,None,吉恩镍业,2
3887,按时吃药，控制病情,华尔街老坑，是时候吃药啦！别再乱吠！,None,海泰发展,2
3888,看多的这么多，必跌，跟风上来，好不了，同志们，还是散了吧，买煤炭和券商吧,看多的这么多，必跌,None,国电南自,0
3889,再见垃圾股，业绩太差，看不到希望合理估值最多在4、5元,再见垃圾股，看不到希望,None,精艺股份,0
3890,明天创新高.,今天板上见,股东,国电南自,1
3891,上午收盘截图,002010 看图,,传化股份,2
3892,果断换！,死股一只，换！！,None,海欣食品,0
3893,请问大神，此票还要关几天？,大盘在向太空飞，你却在坐井观天。,None,赛象科技,2
3894,最后买入机会,最后买入机会,股东,禾欣股份,1
3895,我天天在股吧里发帖 鼓励大家买进 目的很明确 就是要你们的钱给我,我是拖,None,东方创业,1
3896,要暴涨轮抢抢,要暴涨轮抢抢,股东,禾欣股份,1
3897,我换银行股了美罗药业你去死吧,我换银行股了美罗药业你去死吧,None,美罗药业,0
3898,"坚决卖掉,不上当","今天涨停打开,诱多. 明天低开,继续绵绵下跌之路",None,登云股份,0
3899,如题,有本事就别涨  一直这样,股东,新纶科技,1
3900,六成女赞成“中国男配不上中国女”,六成女赞成“中国男配不上中国女”,None,实益达,2
3901,涨,下午必须涨停,股东,华英农业,1
3902,量能没出来，走不远,不放量，一切都是浮云,None,九州通,0
3903,耐心持股,横有多长 竖有多高,None,江山化工,1
3904,后市看涨，在大盘走稳的情况下,"6,8可以买入",股东,升华拜克,1
3905,狗日的，大盘都漲了45点了，你妈妈还不动，畜牲！,狗日的，大盘都漲了45点了，你妈妈还不动，畜牲！,None,均胜电子,0
3906,早盘9.76出了，下午在啥价接回好呢？诚心求教,求大家指教,None,新洋丰,2
3907,今天英强博客没有，出什么问题。,今天英强博客没有，出什么问题。,None,奇正藏药,2
3908,怎么都想骂你，中兴，你不涨中国怎么兴，就挺起身杆涨起来。别老不要脸了,不要脸,None,中兴商业,0
3909,大股东很艹淡。,大股东很艹淡。,股东,天龙集团,0
3910,这里已经成为空城，都去抄金融、有色了。,这里已经成为空城，都去抄金融、有色了。,None,海兰信,1
3911,要是能的话，主力就不拉多好,谁踏空了？用脑子想想，还能捡到便宜吗？,None,长安汽车,0
3912,前期涨得太【多】所以现在补跌，哈哈,前期涨得太【多】所以现在补跌，哈哈,None,华北高速,0
3913,,我 已经 下 9.63出 600568,股东,中珠控股,0
3914,9.36将是年内高点,9.36将是年内高点,股东,精诚铜业,0
3915,注意咯，下午砸盘开始,注意咯，下午砸盘开始,None,秀强股份,0
3916,多来几个板，哈哈，爽！太爽！,多来几个板，哈哈，爽！太爽！,None,新华龙,1
3917,德威新材上市答谢酒会,德威新材上市答谢酒会,None,上海电力,2
3918,刚买入就吃板，哈哈哈，有点不好意思啊,刚买入就吃板，哈哈哈，有点不好意思啊,None,新华龙,1
3919,不以涨喜，不以跌悲。,后市走向！,None,通宝能源,1
3920,短线,大盘天量，明天大盘回调！,股东,开滦股份,1
3921,投资股票不用天天看盘、掌握大概轻松搞投资，要做到忘掉股市一段时间这样对身体有益，晚上或早上去做一些户外运动，比如早上爬山，晚上打羽毛球，很好玩一打就是一个多小时很爽，很爽，出了一身满头大汗即得到锻炼又心情愉快说不出的爽，现在的社会吃要吃简单青菜为主少吃肉还有一个汤，穿要穿好一点。,投资股票不用天天看盘、掌握大概轻松搞投资，要做到忘掉股市一段时间这样对身体有益,None,键桥通讯,2
3922,庄家筹码太少,庄家筹码太少,股东,中炬高新,0
3923,,西藏旅游你个煞笔，再倒腾游资就不客气的建仓了,股东,西藏旅游,0
3924,信机构买进，实为在接机构出的货！鸡狗们太恶！,信机构买进，实为在接机构出的货！鸡狗们太恶！,None,江淮汽车,2
3925,！,下午能拉涨停,None,江淮汽车,1
3926,"000409山东地矿特大利好：含量126吨黄金的金矿将注入！目前黄金每克260元左右，每吨黄金价值2.6亿元，126吨黄金约值328亿元！不得了啊！近期有色金属股狂涨，不少已经翻倍了，如：002114罗平锌电、000693,600432，等等！而000409山东地矿，目前还处于底部附近，仅小涨15%，上周五，突然从底部拉出第一个涨停板，大涨行情正式启动！其他有色金属股大涨50%~150%，000409山东地矿，上涨50%，应属正常，如果再考虑其未来不久将有大股东的126亿吨价值328亿元的超级大金矿注入，那股价涨个3~5倍，也不是不可能！目前还处于底部附近的有色金属股，已经不多了，如果再具备大题材的底部有色金属股就更少了，目前我就发现只有000409山东地矿这一只，错过了002114、000693的，请不要再错过000409了！善意提醒，信不信由你！2010年，山东地矿借壳000409上市时，山东地矿的大股东~山东地矿集团有限公司，有承诺（请见下）：在本次交易完成后将其实际控制的莱州金盛矿业投资有限公司100%股权注入公司，莱州金盛矿业投资有限公司主要资产为山东莱州市朱郭李家地区金矿普查探矿权，已探明黄金资源储量为126吨。【2012-09-11】刊登重大资产重组进展及延期复牌公告,继续停牌(详情请见公告全文)ST泰复重大资产重组进展及延期复牌公告ST泰复于2012年7月12日公告了《重大事项停牌公告》，因公司筹划重大事项，公司股票自2012年7月12日开市起停牌。2012年7月17日，公司公告了《重大资产重组停牌公告》，公司正在筹划与山东鲁地矿业投资有限公司股东及鲁地投资控股子公司其他股东的重大资产重组事项，公司股票自2012年7月17日起继续停牌。自停牌以来，公司、重组方及聘请的中介机构积极推进本次重大资产重组工作。本次重大资产重组中，公司拟将全资子公司蚌埠丰泰生物科技有限公司100%股权按评估价值出售给北京正润创业投资有限责任公司，北京正润创业投资有限责任公司按评估价值以现金支付对价，同时公司向山东鲁地投资控股有限公司、北京正润创业投资有限责任公司等八家股东发行股份购买其持有的鲁地投资100%股权，淮北徐楼矿业有限公司100%股权和娄烦县鲁地矿业有限公司100%股权。为进一步提高上市公司资产质量，提升上市公司持续盈利能力，山东鲁地投资控股有限公司及其实际控制人山东省地矿局承诺在本次交易完成后将其实际控制的莱州金盛矿业投资有限公司100%股权注入公司，莱州金盛矿业投资有限公司主要资产为山东莱州市朱郭李家地区金矿普查探矿权，已探明黄金资源储量为126吨。截至公告发布日，公司本次重大资产重组涉及的审计、评估及财务顾问审核等工作已完成，已取得山东省国资委关于本次重大资产重组的预审核批复和山东省人民政府关于鲁地投资设立和国有股权转让事项予以确认的批复，拟后续进入莱州金盛矿业投资有限公司的筹备工作已经开始，目前山东省国资委对本次重大资产重组的审计和评估报告的审核备案工作正在进行中，公司预计不能于2012年9月12日前复牌，为了维护投资者的利益，经公司申请，公司股票将延期复牌。",山东地矿特大利好：含量126吨黄金的金矿将注入！,None,华泽钴镍,1
3927,小非在逃，小非都是赚不到大钱的垃圾货,小非在逃，小非都是赚不到大钱的垃圾货,None,国元证券,0
3928,主力拿不到筹，伤脑啊，回调就是买入机会,主力拿不到筹，伤脑啊，回调就是买入机会,None,国元证券,1
3929,越洗小散越多越烂,越洗小散越多越烂,None,道博股份,0
3930,当代东方开始耍流氓了！,当代东方开始耍流氓了！,None,当代东方,0
3931,小散控股有什么出息啊,小散控股有什么出息啊,None,道博股份,2
3932,名字取的不好啊,可恶的垃圾，烂生股份,None,兰生股份,0
3933,然后就不行了，庄真萎啊,早上开盘不久，从7。02直接拉到7。2,股东,象屿股份,1
3934,下午涨停。,下午涨停。,None,世纪华通,1
3935,这个死股，拿了三个月，小赚点刚才三元卖了，再也不买这种不死不活的孬股票了,这个死股，拿了三个月，小赚点刚才三元卖了，再也不买这种不死不活的孬股票了,None,山东高速,0
3936,太弱了，撤！,太弱了，撤！,股东,九州通,0
3937,明天涨停也不后悔，卖了走人！,明天涨停也不后悔，卖了走人！,股东,健康元,0
3938,博傻游戏击鼓传花上演,演绎最后的疯狂,None,露天煤业,2
3939,银监会相关负责人还透露，深圳前海微众银行在做规划的时候，设定是互联网特色，至于会不会设立实体网点，还要以开业的时候最终批准的经营范围为准。,互联网特色银行，必将成为本年最大题材,None,健康元,2
3940,,丹化60日线以走平还有所抬头、看样子还能向上突破,None,丹化科技,1
3941,银监会相关负责人还透露，深圳前海微众银行在做规划的时候，设定是互联网特色，至于会不会设立实体网点，还要以开业的时候最终批准的经营范围为准。,银监会负责人还透露深圳前海微众银行肯定是互联网特色,None,健康元,2
3942,再见,无言的结局,None,银轮股份,0
3943,看着办！,收盘五个点，快抢！,股东,健康元,1
3944,金益已经增仓完毕，在中报出来之前力生只有拉升一件事情了,业绩下降是力生终于高送转的原因,股东,力生制药,0
3945,中期底部反弹已经开始，两倍上升空间my,抚顺特钢中期底部反弹已经开始，两倍上升空间,None,抚顺特钢,1
3946,"车从4元炒到13了,一年翻了三倍高位放量,以出货为主了,小心","从4元炒到13了,一年翻了三倍位放量,以出货为主了,小心",股东,江淮汽车,0
3947,…… 600399多种题材于一身！,…… 600399多种题材于一身！,股东,抚顺特钢,2
3948,京东方B或在本星期公布回购细则，价格不高于2.65HK！,京东方B或在本星期公布回购细则，价格不高于2.65HK！,None,山航B,2
3949,要不是大盘好,中牧跌停了,None,中牧股份,0
3950,明天会更好！第一目标11.53元。,最后坚持一小时！,None,新五丰,1
3951,一基地6 7车间八月十号左右停。,银鸽吧最新消息：,None,银鸽投资,2
3952,20万股就可以咂跌5个点,20万股就可以咂跌5个点,None,日发精机,2
3953,哥哥出了，去搞太阳,哥哥出了，去搞太阳,股东,银鸽投资,0
3954,600331丢人,600531涨停,股东,宏达股份,0
3955,遇到这样二货主力只能做股东了，今天没戏，收盘估计也就是8.37元~8.41元吧，哪怕大盘涨80点也就这样了。,打烊该干嘛干嘛去吧,股东,通葡股份,0
3956,话说：国电南瑞,话说：国电南瑞,None,国电南瑞,2
3957,既然如此，还不如用两个跌停。现在套钱不比当年了。现在套一文钱都很困难。,不回到1.71，是不会有人补仓的了,None,福建高速,0
3958,罗莱家纺,充死胆大的，饿死胆小的,None,罗莱家纺,1
3959,太穷鸟！,这庄穷得很！,None,民丰特纸,0
3960,,涨停啦，直接击涨停,None,龙源技术,1
3961,下午就看你的啦，民丰,下午就看你的啦，民丰,None,民丰特纸,1
3962,又来一波大涨。,又来一波大涨。,None,中房股份,2
3963,清仓快乐，10元再见,清仓快乐，10元再见,None,湘电股份,0
3964,看着,今日收盘8&#183;94元,None,长百集团,2
3965,强者恒强。,让开。准备冲板,None,上海电力,1
3966,他,挺好,None,蒙草抗旱,2
3967,呵,拉个板就出名了。大哥。小散就来了,None,上海电力,1
3968,中报出，新一轮涨升开始，抓紧上车,抓紧上车,None,鑫富药业,2
3969,一年到头 什么题材没没实现,弱者恒弱 上电老了 步履蹒跚 连大盘都跟不上了 。,股东,上海电力,0
3970,NND,可以向上了，踏空者吓唬人！,None,株冶集团,1
3971,上涨为何上涨？放量。量能是上一交易日的一倍。。。。。如此还有人卖，只能怪自己把股炒到肚子里去吃掉了。。。,现在还有人卖真的不可理喻啊,None,长江通信,1
3972,接下来是上海板块的表演！,接下来是上海板块的表演！,None,亚通股份,1
3973,有就去举报！把他奶奶的搞倒！让你占着茅坑不拉屎，坑害股民！,大家有没有姓杨的腐败材料？,None,博信股份,0
3974,看你吸货到何时,看你吸货到何时,None,国药股份,2
3975,涨不啊,救美克吧，大势好，你还没解放,None,美克家居,1
3976,放心买入英强的粉丝超多！一人一股也会推高,放心买入英强的粉丝超多！一人一股也会推高,None,奇正藏药,1
3977,笑死人不偿命,尼玛：5.07还搞个1818手，真会搞啊,None,金鹰股份,2
3978,只是一日游,来毛稳经济,None,西南证券,2
3979,"总有一天你们会笑的,只要沉得住气","我来了,大家不要生气",None,金鹰股份,1
3980,罗赖值得你拥有 N年！像中石油一样，哈哈,看多的大虾，快买进呀！,None,罗莱家纺,1
3981,耐心等待,大单打压，散户起跑，走路,None,天桥起重,0
3982,大盘好行情还不赚还赚个鸡吧,泥玛屁，不跑死守，大盘大行情有几次,None,龙源技术,1
3983,今天压盘者，今晚12点是生命的终点，全家老少一起！,牲口在压盘抛售！,None,天桥起重,1
3984,再这样下去一定有人举报，豆豆看,小心证监会查你老鼠仓,None,太化股份,0
3985,真难心追不上了,真难心追不上了,None,西南证券,0
3986,796,离开的时候有些话还没来德及说,None,易食股份,0
3987,公司要向好干嘛呢？,公司要向好干嘛呢？,None,ST景谷,2
3988,早涨迟涨都要涨，早重组晚重组都要重组，庄家误判形势低卖高买，还在压盘，得不偿失，不管向上还是向下持股不动，静等重组。,庄,None,ST宏盛,1
3989,小散们行动起来！,污水处理费上调不公告，湖北证监局投诉电话027-87460061,None,武汉控股,2
3990,开始启航,开始启航,None,京投银泰,1
3991,小心,大盘放量滞涨，出现头部迹象,None,武汉控股,0
3992,来个涨停，给说你是扶不起的阿斗的人一记响亮的耳光,来个涨停，给说你是扶不起的阿斗的人一记响亮的耳光,股东,京投银泰,1
3993,如题！,没有量，不可能涨的！逃吧！现在是随大盘的涨！,None,中航电子,0
3994,话说：江淮汽车,话说：江淮汽车,None,江淮汽车,2
3995,你们这批皇八抢散户的筹也不是这样抢的!,你们这批皇八抢散户的筹也不是这样抢的!,股东,中远航运,1
3996,宝藏就在哪里摆着，看得见，又摸得着，值都少钱没算过，但目前价格毫无疑问是低估了，公司谁出些事情也正常，但会影响宝藏的价值几何哪，,宝藏,None,宏达股份,1
3997,这个股没大庄，只有几个折腾的大户。10--11元会折腾好久。中报和第三季度报业绩都是很差。,10个点利润坚决跑，10元买，11元卖,None,联美控股,0
3998,各种资源都在涨，国新算什么？,各种资源都在涨，国新算什么？,股东,国新能源,0
3999,大家讨论一下真正的狗庄买单你是看不清楚的，在上午10.58和13.53两个五十万股的单子不是好兆头,两个大诱多单,None,铁龙物流,0
4000,海泰，考的就是忍耐力！谁受不了的随时可以走！割肉也无所谓的，只要认为有比这更好的更快的！,忍 忍 忍！！,股东,海泰发展,1
4001,看廊坊发展在看宝硕！有没有一点点失望？,看廊坊发展在看宝硕！有没有一点点失望？,股东,宝硕股份,0
4002,好像庄家不怎么给力，还是三十六计吧,明天有利好，买进,None,天奇股份,1
4003,高手们看看，今天的走势咋样，要不要跑。,高手们看看，今天的走势咋样，要不要跑。,None,宝硕股份,2
4004,大好行情。偏屋漏逢阴雨，什么时候不停牌，大涨时……苦命股。&#39;,大好行情。偏屋漏逢阴雨，什么时候不停牌，大涨时……苦命股。&#39;,股东,金利科技,1
4005,今天主力节奏踏得不错，节奏踏对了，省力又挣钱，大家都高兴，踏错了大家都哭起张脸。,今天主力节奏踏得不错，节奏踏对了，省力又挣钱，大家都高兴，踏错了大家都哭起张脸。,None,宝硕股份,1
4006,卖了，收入6万,卖了，收入6万[大笑][大笑][大笑],股东,中原环保,1
4007,端個板凳看跳水,端個板凳看跳水[大笑],None,华升股份,0
4008,这个股票有望上12元。目前整理上升阶段。在三个月内可以的,这个股票有望上12元。目前整理上升阶段。在三个月内可以的,None,秀强股份,1
4009,股指期货空头惊现爆仓,惊现爆仓,None,中达股份,2
4010,EM_StockImg_StartEM_StockImg_End天马精化(002453)周一透露，保健品业务是公司发展的重要方向，2013年12月设立天森保健品；2014年6月参股神元生物，公司保健品业务开启起步。天马精化的主营业务为从事各类精细化学品的研发、生产与销售。(来源:全景网)[点击查看原文],天马精化：保健品业务是发展的重要方向,新闻,天马精化,2
4011,？,看似又是短期头部，将等待182反复,None,国栋建设,0
4012,本次洗盘很彻底。走着瞧吧,本次洗盘很彻底。走着瞧吧,股东,兰生股份,0
4013,你明白,山西人刚刚从南京回来,None,南京高科,0
4014,没什么好说的，大盘如此强势，你的个股如果强版块个股的涨幅都没达到，当抛。有色，还是扛大旗的主力。走人。,当涨不涨，抛！,None,厦工股份,0
4015,,不急，淡定,None,*ST商城,1
4016,不知道怎么回事,"今天摆乌龙,追高了",股东,世纪华通,0
4017,14:00准时拉升！做好了吗,14:00准时拉升！做好了吗,股东,金地集团,1
4018,EM_StockImg_StartEM_StockImg_End世纪华通(002602)周一午间披露，中国证监会核准公司发行股份购买资产并募集配套资金的重大重组事宜。公告显示，中国证监会核准公司向王佶发6227.34万股股份、向汤奇青发行3632.61万股股份、向任向晖发行518.94万股股份、向邵恒发行7917.57万股股份、向蔡伟青发行440.17万股股份、向北京天神互动科技有限公司发行928.64万股股份购买相关资产；同时，核准公司非公开发行不超过5439.33万股新股募集本次发行股份购买资产的配套资金。(来源:全景网)[点击查看原文],世纪华通定增购买资产事宜获证监会核准,新闻,世纪华通,2
4019,既然你们都不跟，我只好再拉两个涨停,既然你们都不跟，我只好再拉两个涨停,股东,动力源,1
4020,主力怎么还不发威？？为何今天主力没有大笔买入？？担心！今天8.46死活充不过去了奶奶的,主力怎么还不发威？？为何今天主力没有大笔买入？？担心！今天8.46死活充不过去,股东,万讯自控,0
4021,坚决卖出，它nnd。卖出。,坚决卖出，它nnd。卖出。,股东,动力源,0
4022,"寻找次新股中十倍大牛股 揭秘大黑马神奇规律【IPO发审会断档1个月即将开审】证监会正进行创业板发审委例行换届工作，在委员结构和来源方面作了调整。IPO发审会在断档一个月后即将开审。证监会7月25日发布公告称，主板发审委将于7月30日召开2014年第109次发审会，审核华懋(厦门)新材料科技股份有限公司的首发申请。根据证监会发布的公告，前一次发审会审核IPO企业的时间是6月27日。当天，发审委审核了四家公司的首发申请。但是，随后的近一个月时间里，发审委都没有公布最新的IPO企业上会信息，出现断档局面。这一状态一直持续到7月25日。此前，证监会新闻发言人张晓军曾对后续的发审节奏问题做出过表态。他说，今年内，主板(包括中小板)发审会、创业板发审会每周分别各召开一次，每次会议大致安排2家左右企业。与此同时，根据证监会昨日公布的数据，截止到7月24日，处于IPO正常审核状态的企业为45家，其中，上交所15家，深交所中小板6家，创业板24家。这一数据较此前一周增加了5家。同时，中止审查企业为580家，较此前一周减少5家。其中，上交所260家，深交所中小板123家，创业板197家。值得关注的是，创业板发审委将迎来换届。张晓军25日介绍，中国证监会第五届创业板发行审核委员会即将任期届满，为保证发行审核工作正常进行，证监会正在进行创业板发审委例行换届工作。依照相关规定，就各单位推荐的委员候选人向社会公示。公示期限为7天，从7月26日8:30起至8月2日17:00止。“为落实新股发行体制改革的相关要求，本次创业板发审委换届在委员结构和来源方面作了调整。”张晓军介绍。“换届后，创业板发审委委员的代表性和专业领域更加广泛，有利于促进新股发行体制改革的顺利推进。”张晓军说。此外，根据安排，证监会将对IPO企业，在上发审会前对发行人信息披露质量进行抽查。目前，已经有3家企业被抽中。【抓住次新股暴跌反转机会】股市的任何股票都有自己稳定的价格波动范围，在大幅下跌脱离价格波动的中轴线后，将会产生一个强有力的反向弹升，回归中轴线上方，甚至是创出历史新高。新股也不例外，新股在上市之初由于受到各种各样的因素影响，股价会剧烈波动，尤其是在直线飙升大幅翻倍的情况下，原始中签获利盘的蜂拥而出的抛压，极为容易使得股价大跌，再加上股市的新股连续密集集中发行申购抽资夹击，已经上市的新股股价很容易暴跌到非理性的价位水平，从高估变成合理，抑或是低估的价位水平。但是此时众多投资者仍然认为股价没有下跌到位不敢买进，大批新股沉沦成为无人关注的冷门股。而在一些聪明的价值投资者的关注下，冷门新股稳步从外部不断涌进买盘逐步推高股价，最终在公司发布公告高送转以及业绩高增长等利好信息的强力刺激下，股价暴涨翻倍，成为脱颖而出的翻倍黑马，这也算是一种另类的挖掘暴涨黑马的方法，有些具有高度调研分析能力的大型机构主力能够通过研究新股公司的已公开基本面信息提前发现这种黑马，并且预先在股价触及低价区域时逐步买进，普通投资者则可以做一个集合观察者，将这种具有未来反转暴涨潜力的新股黑马做一个归纳总结的自选股备选，时时在每天行情和价格波动中搜索观察，并且及时的加以组合买进，以等待股价进一步的大幅攀升，获取暴涨收益。一批又一批新股集中上市，不同行业的新股股价，不问业绩定位，只跟流通盘大小互为比较，新股上市的顶峰股价不会便宜，只会越来越贵，直到没有人敢买进和暴跌套牢买进者，下一批新股上市继续周而复始上演暴涨暴跌的悲剧。被杀跌打压的老新股股价暴跌，这就为新一轮新股暴涨提供了在低位买进的大好时机，关键是投资者如何采取什么样的优选策略买进一揽子组合新股，集合为我们提供了一种板块优选的包围选股方法。具体做法是从已经上市的新股板块当中挑选三种股市长盛不衰行业的新股做备选自选股，然后再从中挑选股价较低的新股做组合优选买进。股市经历24年长期运行，已经有几种行业的股票成长为10年涨10倍、20倍的大牛股，其中最佳行业分别是医药股、高科技新产业网络信息股、大消费生活必需品行业三个板块。只要新股集群当中具有这三种行业属性的股票均可列为备选股，每日观察股价等待暴跌时、加以组合买进。需要注意的是，投资者在决定买进某行业的新股时，要将这一行业板块的所有新股业绩和流通盘以及未来发展高增长前景做逐一比较。普通投资者懒得去考虑这么多因素，不管是白猫黑猫统统一把抓组合买进，按照行业板块股价高低全部买进。在将这一行业板块新股全部买进之后，当某新股突然爆发惊人暴涨时，投资者可以立即将其它新股卖出，集中资金大规模重仓买进这只暴涨新股。集合论选股的好处是快速缩小黑马包围圈，并且继续在包围圈内连续累计涨幅排名中将主力行为细微变化放大，有主力资金大笔买进的新股，其连续累计涨幅是比其它同行业的新股大。通过统计观察这种细微变化，迅速将没有暴涨潜力的股票卖出，集中资金买进最佳新股。下一轮新股的暴跌中，一定会有新的新股成为暴涨黑马，只不过它仍然产生于股市长盛不衰、被划定的三个行业当中。按照这个包围圈去筛选，肯定还会有暴涨黑马等待被发现。唯一需要的就是耐心等待。在中报和年报发布的密集公告时间段，新股中业绩高增长和高送转暴涨黑马会频密爆发，投资者特别需要注意，低价新股、小盘新股中将会产生暴涨黑马，在组合买进时需要考虑这个因素。历史上涨幅最大的黑马当中低价小盘的新股也是一股强大的力量，在组合买进的同时不要忘了它们的存在。【次新股后市走势如何?】今年以来上市的58只次新股中，6股累计涨幅超100%其中18家公司预计中报业绩同比下滑，占比逾三成在次新股股价疯涨的背后，今年业绩变脸的情况似乎更为明显。统计显示，今年以来上市的58家公司中，超三成次新股中报预计同比下滑。值得一提的是，在业绩变脸重压下，多家次新股已停牌筹划重组事宜。在当前“打新”与“炒新”火热背景下，次新股后市走势如何?三成次新股业绩下滑6月底以来陆续上市的10只新股遭遇了疯狂“炒新”，也助推了次新股的一波涨停潮。截至昨日，今年以来上市的58只次新股中，众信旅游、莎普爱思、金轮股份、易事特、联明股份和飞天诚信6股累计涨幅超100%，众信旅游以168.33%的涨幅领先。然而，与疯狂的股价形成鲜明对比的是，今年以来上市的次新股业绩却频频“变脸”。数据显示，年初上市的58只次新股中不乏业绩“变脸者”，龙大肉食、今世缘、登云股份等18家公司预计中报业绩同比下滑，占比逾三成。其中，绿盟科技、安控科技、东方通和牧原股份更是首次出现亏损。具体来看，安控科技上年净利润预计亏损1300万元左右，净利预降幅高达520%;业绩向上修正后的牧原股份仍然亏损8000万元至8600万元，净利预降285.24%，延续一季度的大幅下滑态势。此外，在本月刚获得发行批文的12只新股中，7家公司去年的业绩出现了同比下滑，降幅从1.4%至34%不等，也因此被市场冠以“史上最差新股”的称号。多家公司停牌筹划重组面对业绩下滑的窘境，不少次新股选择重组“突围”。截至昨日收盘，众信旅游、金一文化、麦趣尔、绿盟科技、东方通、安控科技及楚天科技8只次新股全部处于停牌状态。此前一周，全通教育因与标的公司未谈拢宣布终止筹划股权收购事项。值得一提的是，上述8只次新股中，除了众信旅游和楚天科技，其余均亏损或业绩大幅下降。近日，证监会修订的《上市公司收购管理办法》、《上市公司重大资产重组管理办法》等政策红利助推了并购重组浪潮。业内人士表示，次新股纷纷搭上“重组”列车，也说明并购转型、重组逻辑已成为市场共识，若能实现协同效应并购重组股将获市场青睐。对于次新股纷纷筹划重组，光大证券投资顾问周明表示，一方面与次新股募集资金充裕，并购拓展有天然优势;另一方面很多排队企业急于“借壳”上市，也使得业绩不佳的次新股并购重组的动力更强。但由于证监会明确不允许创业板借壳上市，因而更多是通过收购资产等渠道来实现外延式扩张。“部分传统主业增长乏力或业绩下滑的次新股通过重组转型升级、实现产业链的整合等，给企业带来协同效应，从而受到市场追捧。”华龙证券投资顾问牛阳则表示，但也不排除部分公司借市场热点炒作提升股价，投资者要看清重组背后的真实意图。建议后市关注个股成长性光大证券投资顾问周明表示，部分次新股前期已经经历较大幅度增长，估值较高;近期中小板、创业板指数均在回调，资金从成长股往低估值蓝筹转移，加上成长股中期业绩低于预期，次新股后市将延续分化态势。对于后市操作策略，周明表示，次新股尤其是即将上市的新股不建议追高，最好等估值回归之后再做考虑。同时，规避业绩下滑的周期性行业个股，重点关注业绩增长稳定的新兴科技类个股。华龙证券投资顾问牛阳认为，“新股炒作热情降低之后，要回归个股基本面的判断。从所处行业、行业地位以及未来行业发展前景等多方面综合考虑。”牛阳建议，关注经济转型过程中获国家大力扶持的新能源、汽车、新材料、医药板块、环保军工等行业的次新股。此外，是否有资产并购、资产注入等题材概念也值得重点关注。 来源: 一财金网综合沪市主板百年难遇的小盘高成长绩优莎普爱思不到23倍市盈率袖珍小盘高成长绩优莎普爱思，主板沪市百年难遇的小盘高成长绩优漂亮莎普爱思#近期在上海主板发行上市的袖珍小盘高成长绩优新股603168莎普爱思，流通股本仅0.16亿股，总股本仅0.65亿股。莎普爱思今年第一季度取得了高达3304万元的极高额净利润，相较去年同期高速成长达44.72%，今年全年有望取得20000万元以上的生产经营极高额净利润，除以其仅仅只有0.63亿总股本，每股收益或高达3.16元以上。莎普爱思目前股价不到70元，除以其每股收益，其市盈率估值仅仅只有不到23倍。考虑到眼药的市场空间和其高速度发展成长前景在十几亿人口的大中国巨大无比，莎普爱思必然能成就成一只中国股市开市以来上海主板里的最为罕见的最有投资价值的未来的飞天“茅台”式样的超级漂亮小盘高成长绩优领袖股假如在创业板上市，假如中报10转10做成沪深第一高价股假如在创业板上市，假如中报10转10假如未来的飞天“茅台”.做成沪深第一高价股，省去现在CCTV的广告费6000多万.（提高业绩1元）老龄化进程带动眼科用药需求快速增长随着我国人民生活水平的提高，老龄化进程的发展，患者健康意识的提升以及零售药店的迅猛发展，2006年~2012年，我国白内障滴眼液市场规模年均复合增长率达到28.11%，高于整个眼科用药市场16.08%的增长速度。2010年、2011年与2012年分别比上年同期增长43.57% 、46.94%与43.83%，2012年白内障滴眼液市场规模达到9.68亿元。未来中国人口老龄化将加速发展，到2040年，我国60岁及以上人口占比将达到28%左右，老龄化比例将在2008年的基础上增加一倍。我国白内障药物具有较大的发展空间。眼睛是心灵的窗户，拥有一双明亮的眼睛是每个人都梦想。然而在电视、电脑和手机充斥的今天，每10个年青人中，8个人视力就有不同的问题。中老年人本身就免疫力低下，在电视、电脑和手机普及的背景下，眼睛健康面临更加严峻的问题。失去了明亮的眼睛人们就等于失去了世界最美好的一切，眼睛保健将是未来长时间的朝阳产业。以前，我们觉得吃喝是最重要的，造就了今天举世瞩目的贵州茅台超；今后，我们将更加关注健康，莎普爱思必将成为未来的超级牛股! 以前，我们的医疗认为保住生命是最重要的，造就了举世瞩目云南白药；今后，我们认为如果你看不到世界，活着比死了还难受。去年业绩1.59目前市盈率35倍！一季报业绩增长44.75%！如果全年业绩能增长30%左右那么市盈率就下降到35倍左右！目前总市值47.36亿位于两市141只上市医药股第84位，总市值在30亿以下的医药股达23只，平均净利润不足5000万元，部分为亏损，最大市值云南白药520亿，第二名475亿恒瑞医药，天士力395亿上海莱士385亿复星医药350亿康美药业308亿，200亿~300亿市值有白云山、同仁堂、东阿阿胶、海思科。100~200亿市值有33只个股，80亿以上个股达53只！总股本看20亿以上股本2家，复星医药、康美药业。10亿以上股本16家，8亿以上股本25家，5亿以上股本56家，3亿以上股本93家，2亿以上股本116家，2亿以下股本仅25家，其中总股本低于1.5亿股有11家，仅有3家总股本低于1亿股。其中国农科技0.839766亿股，博雅生物0.758亿股（属创业板），莎普爱思0.6535亿股（最小股本的医药股）！行业属性较为独特，相关个股爱尔眼科156亿元，目前市盈率46倍！综合分析该股下跌空间有限，能有多大潜力就看公司业绩成长情况，根据募资情况看募投项目一旦完全实现利润业绩有望冲击4元！凡是毛利率95%以上的股都是大牛股  历史上 国外英国德国等等。。。 眼药水比肿瘤药的毛利率都要高， 能够滴进到人类眼睛的东西不多行业好、总市值小，市盈率低。且是上海股，这点很重要啊，近几年上海新股都没被暴炒过，风水轮流转管理者特意安排来上海杠大旗，以新代旧激活人气，你懂的！下周4史上最差的新股上市，沙谱最优质的错杀新股，新股中业绩高增长和高送转暴涨黑马会频密爆发股市经历24年长期运行，已经有几种行业的股票成长为10年涨10倍、20倍的大牛股，其中最佳行业分别是医药股、高科技新产业网络信息股、大消费生活必需品行业三个板块和沙普艾斯在医药板块里最有可比性的，没有比沙普流通盘还小的医药股，也就是仅能找到的，流通盘比沙普还大点的小盘医药股对照如下：流通股数市盈率 300363博腾股份 2725万股 75.6 倍 300254仟源制药 3380万股 103.7 倍 300357我武生物 4040万股 94.0 倍 002644佛慈制药 4774万股 133.3 倍 002107沃华医药 7511万股 207.6 倍 6031678沙普艾斯 1633万股 60.0 倍（按60倍如此低估情况下 值多少钱？）下面算算沙普从流通盘 到市盈率 和整个医药里最小的医药股比最终价值应该为多少钱：以60倍市盈率计算：计算结果 ：沙普在122元时，市盈率为60倍正常由于沙普艾斯比他们流通盘小一半，再加上是次新股，上面没有套牢盘，在市盈率上应该给予更高一点的溢价，如果即使不按多出的溢价算，只按100倍市盈率算，沙普的目标价是 203 元。结论：沙普艾斯比照所处医药板块其它小盘股，稍被低估的价格是 ： 122元---203元眼光短浅是做不成大事的，要守住生命中的“沉香”。庄家每一次上下清洗，都能让赚了几根毛的小散洗出去，股吧里一些人则是涨时喊多，上下清洗则喊空。作为一个散户，在分析、研究、资讯、资金上都不是庄家的对手，但庄家哪怕穿有铁布衫，一样有不为人知的穴，庄家最怕什么呢？我说出来的答案一定会让你感到可笑———‘庄家最怕你不看他’！因为庄家深知你的贪婪与恐惧，庄家的阴谋通过操盘手传递给你，他让盘口别有洞天风起云涌，他让k线图青面獠牙天花乱坠，只要你睁开眼睛看，你就会患得患失，你就会神魂颠倒，你就会惶惶不可终日……庄家就这样征服了你，因为他把这个交易市场当作戏院，将自己看成是卖座的大明星，而你心甘情愿做个忠实的观众，他就没天没地尽情表演。当你不看他的时候，当他没有观众的时候，当他对牛弹琴的时候，他真的好怕，因为他的钱是‘贷款’，他要付操盘手的工资，面对一个；不看，不闻，不问，不急的人，面对一个；无知，无欲，无畏，无惧的人，他的一切表演都是徒劳的，这就是庄家的穴，这样的股min就是庄家永远不可战胜的散户。记住；眼光短浅是做不成大事的。守住生命中的“沉香” 有一位富翁，垂垂老矣。他把儿子叫到跟前，向儿子讲述了自己如何白手起家的故事，希望儿子也能奋发图强，靠自己的努力打出一番天下来。儿子听了很感动，决定独自一人去寻找宝物。他跋山涉水历尽艰辛，最后在热带雨林找到一种树木，这种树能散放一种无比的香气，放在水里不是像别的树一样浮在水面而是沉到水底。他心想这一定是价值连城的宝物！就满怀信心地把香木运到市场去卖，可是却无人问津，为此他深感苦恼。当看到隔壁摊位上的木炭总是很快就能卖光时，他一开始还能坚守自己的判断，但时间最终让他改变了自己的想法，他决定将香木变成木炭来卖。第二天，他果然就把香木烧成木炭，结果很快被一抢而空，这个结果令他十分高兴，就迫不及待地跑回家告诉他的父亲，但父亲听了他的话，却不由得老泪纵横。原来，青年烧成木炭的香木，正是这个世界上最珍贵的树木――沉香，只要切下一块磨成粉屑，价值就超过了一车的木炭。读罢这则故事，我不由想到上初中时，老师常教导我们，做人最怕的不是贫穷，而是没有主心骨，经不住外在的诱惑，最终随波逐流，放弃自己一直坚守的最宝贵的东西。世人常犯的错误就是不能坚守自己，而总是喜欢和别人比较。印对卉学大师奥修说：玫瑰就是玫瑰，莲花就是莲花，只要去看，不要比较。一味的比较最容易动摇我们的心志，改变我们的初衷。而比较的结果，使人不是自卑，就是自傲，总之是流于平庸。其实，每一个人都有一段“沉香”，但往往不懂得它的珍贵，反而对别人的木炭羡慕不已，最终的结果只能是利令智昏、本末倒置，让蝇头小利蒙蔽了自己智慧的双眼。当年的广晟有色（600259）股价从10多元涨到101元那一波波澜壮阔的大行情.,对牛股的炒作令人难以忘掉！朋友们珍惜这千载难逢的机会吧，不到23倍市盈率袖珍小盘高成长绩优莎普爱思，主板沪市百年难遇的小盘高成长绩优漂亮莎普爱思 122元---203元不是梦，但愿看见此贴的能清晰一点，不要骑牛找熊。",寻找次新股中十倍大牛股 揭秘大黑马神奇规律,None,登云股份,2
4023,山东黄金600547强势启动，抄底价高业绩大赚,冒死送信,None,动力源,1
4024,连大盘都不如的股，就是肉庄，僵尸庄。,连大盘都不如的股，就是肉庄，僵尸庄。,股东,广汽集团,0
4025,2025,2025,股东,动力源,2
4026,做个差价都没机会这是股票吗,做个差价都没机会这是股票吗,股东,常林股份,0
4027,周二不是涨停就是跌停 动力源.万向钱潮.隆鑫通用三只龙头.哈哈,周二不是涨停就是跌停 动力源.万向钱潮.隆鑫通用三只龙头.哈哈,股东,动力源,1
4028,为什么我割了就涨起来了，晕了,为什么我割了就涨起来了，晕了,None,凯撒股份,1
4029,浪费老子时间,这庄好弱啊，看他拉我都费劲,None,动力源,0
4030,ok,庄你打压10来天也差不多了可以收手了！别做死空头了！大家等您一起飞,股东,凯撒股份,1
4031,结果谁都未知连任都不敢保证，但最起码任应该努力啊我连公司现在努力都看不到有点失望。只看到我们有部分散户倒是很努力的再做。,不要听信任何谣言结局,None,退市长油,0
4032,顺网科技未来3天30没问题..重大重组马上开始,300113,股东,顺网科技,1
4033,呵呵,怎么，没人出声啦？哀莫大于心死，这衰庄完啦！,股东,维科精华,0
4034,第一次发帖。。。折腾够了，很累，对这只股，这公司，信心尽失。从此后，即使你涨到天价，前景无比美好，我也不后悔今天的离开。。。只想解脱。,第一次发帖。。。折腾够了，很累，对这只股，这公司，信心尽失。从此后，即使你涨到天,None,瑞茂通,0
4035,呵呵,今天涨100点，这个垃圾都收绿，不信？走着瞧！,股东,维科精华,0
4036,有色 煤炭 券商 银行 进了就有的赚 这段期间大力做这四大板块,继续看好有色,股东,株冶集团,1
4037,大涨,红豆是龙头,None,红豆股份,1
4038,辛苦了,压住，我很快会过来,None,国机汽车,1
4039,大家请注意坐稳了开始卫星上天了,大家请注意坐稳了开始卫星上天了,None,红豆股份,1
4040,买001696是傻逼！有几个傻逼发贴天天说001696涨停！,买001696是傻逼！有几个傻逼发贴天天说001696涨停！,股东,宗申动力,0
4041,1：30华胜发力！,1：30华胜发力！,None,华胜天成,1
4042,庄家，大户手上没收集到足够的筹码。涨个屁啊！继续盘整！,庄家，大户手上没收集到足够的筹码。涨个屁啊！继续盘整！,股东,宗申动力,0
4043,山东黄金600547强势启动，抄底价高业绩大赚,凌天机密,None,招商银行,1
4044,石油加工业增长1.2倍上半年全国规模以上工业企业利润总额增11.4%2014年07月27日 11:21  中国新闻网http://finance.sina.com.cn/china/hgjj/20140727/112119830116.shtml1-6月份，在41个工业大类行业中，35个行业利润总额同比增长，1个行业持平，5个行业下降。主要行业利润增长情况：农副食品加工业利润总额同比增长4.8%，纺织业增长10%，** 石油加工、炼焦和核燃料加工业增长1.2倍，化学原料和化学制品制造业增长10.4%，非金属矿物制品业增长19.3%，黑色金属冶炼和压延加工业增长17.1%，有色金属冶炼和压延加工业增长6.1%，通用设备制造业增长13.5%，专用设备制造业增长3.8%，汽车制造业增长29.1%，电气机械和器材制造业增长25.3%计算机、通信和其他电子设备制造业增长24.1%，电力、热力生产和供应业增长24.1%，煤炭开采和洗选业下降43.9%，石油和天然气开采业下降2.3%。价值投资 上海石化 600688,石油加工业增长1.2倍,None,山西焦化,1
4045,"6000036股价涨了吗,2002年一碗面能买2014年3碗,2002年600036一股能在买2014年买多少股600036,一股不到",6000036股价涨了吗,None,招商银行,1
4046,狗庄大中单在逃,狗庄大中单在逃,None,北方创业,0
4047,平高开始中级调整了,平高开始中级调整了,None,平高电气,1
4048,奇葩一朵,今天还下跌的股票那真是奇葩！,None,山东药玻,0
4049,年线之上回踩年线，一个月目标位32,年线之上回踩年线，一个月目标位32[赚大了],股东,哈飞股份,1
4050,黑庄，鉴定完毕,黑庄，鉴定完毕,None,山东药玻,0
4051,我靠,大盘都比这个傻逼股强 草,None,天通股份,0
4052,逆潮流而动，自作聪明，必将自尝苦果！,友情提醒伟星新材主力：,None,伟星新材,0
4053,没有土地可卖了，地方政府将来只能靠股权度日了！所以国企股票必须拉升！市值必须膨胀！没的说，1w点！砸锅卖铁买票啊！！,第二轮股改开始，这次能否突破1万点！！？,None,华润双鹤,1
4054,拉高出货的迹象很明显,拉高出货的迹象很明显,None,全柴动力,1
4055,看好股改最后一只的就留下来 买此股的那个不是为了股改？ 有几个是为了短期收益？不看好的就走吧 大盘这么好 有色 券商 银行 好股多得很,看好股改最后一只的就留下来 大善人88就是宝疙瘩,股东,S佳通,1
4056,持有时代新材，会错过一轮赚钱的好机会，耽误时间！,持有时代新材，会错过一轮赚钱的好机会，耽误时间！,None,时代新材,1
4057,自从公布与腾讯合作后苏宁云商大涨，而金证却大跌，这是为什么？,自从公布与腾讯合作后苏宁云商大涨，而金证却大跌，这是为什么？,None,金证股份,2
4058,中电环保300172，污水处理，矿产煤气化等概念发改委表示，日前正在酝酿和修改相关政策，大力支持环保产业。据了解，目前环保部正在起草《关于做好政府购买环境公共服务的指导意见》，国家发改委也在加快制定有关第三方治理及相关环保产业政策的修改。发改委环资司副司长马荣表示：“继续加大环保产业发展支持力度，加快改革进程，完善财税，金融，投资等相关政策的支持，第一批改革措施，今年内就会发布。”截至目前，我国环保产业从业机构约有2.4万家，年营业收入约为3万亿元。按照国务院的部署，到2015年，全国节能环保产业的产值要达到4.5万亿美元，产值增速要保持在15%以上。A股市场中环保概念股：东江环保、中国天楹、天壕节能、中电环保、碧水源、国电清新等。(同花顺财经原创中心),中电环保300172，污水处理,None,中原环保,2
4059,看到大盘疯涨，券商与有色高歌猛进，有没有感觉到持有时代新材待涨太傻？我上周五收盘前一分钟出来了，买进云南铜业五百手，今那个高兴啊！,看到大盘疯涨，券商与有色高歌猛进，有没有感觉到持有时代新材待涨太傻？我上周五收盘,None,时代新材,0
4060,红尘白浪两茫茫，忍辱柔和是妙方，到处随缘延岁月，终身安分度时,近期走势的一些拙见,None,华宏科技,2
4061,空方的末日挣扎即将土崩瓦解!哈高科各种概念题材爆发!!,空方5.07-5.10的防线很快就要土崩瓦解了!,None,哈高科,1
4062,电商冷链物流烟台冰轮：6月订单开始大幅增长，提货火爆，,电商冷链物流烟台冰轮：6月订单开始大幅增长，提货火爆，,股东,艾迪西,1
4063,出货,出货，出货，二十多万股压下来了，是好时机出货,None,哈高科,0
4064,你不涨又没量，说明主力控盘了不怕别人抢畴，那我跟定了…,你不涨又没量，说明主力控盘了不怕别人抢畴，那我跟定了…,股东,罗莱家纺,1
4065,"看这几天大盘这么好!哈高科却是经常1000手,500手的砸!很多散户都怕了!但如果真是要出货,为什么不拉高了再出????","如果要出货,为什么不拉高了再出?",None,哈高科,1
4066,高送转股票的底气在于企业的业绩能否高增长。主力庄家的底气也在此。且看明中报如何。,底气在中报,None,云意电气,2
4067,中亏,不看广告看疗效，不涨就是垃圾。,None,哈高科,2
4068,收盘时能涨多少呢就5亿多的盘子该涨起了,收盘时能涨多少呢就5亿多的盘子该涨起了,股东,太化股份,1
4069,看了挺长时间没出手，一出手就站岗啊！哈哈,晕，9.74站岗了！,股东,全柴动力,0
4070,现在中央一直强调企业转型，三毛派神，多年来象一具僵尸一样，甘肃政府没有好好利用这个平台，转型盘活资产，创造财富。,现在中央一直强调企业转型，三毛派神，多年来象一具僵尸一样，甘肃政府没有好好利用这,None,*ST派神,0
4071,抛盘如雨！,抛盘如雨！,None,全柴动力,0
4072,端個板凳看跳水,端個板凳看跳水[大笑],None,中房地产,0
4073,不相信试试看,5.5元买的，我要套你们不相信试试看,None,好当家,2
4074,"看好没有买,后悔!!","后悔!看好没有买,后悔!!后悔!!",None,金河生物,1
4075,,宝钛之宝刀、宝剑明日小幅度调整，最迟周四继续拔高冲顶行情！,None,宝钛股份,1
4076,周内看涨，八元下不要轻言放弃,周内看涨，八元下不要轻言放弃,股东,升华拜克,1
4077,的,7.4很难突破,None,三元股份,1
4078,..,这就是小盘股，盘面鸡飞狗跳。主力永远是爷,None,喜临门,2
4079,酝酿 来吧 医药,医药也是一大堆的好股,None,三元股份,1
4080,ok,现在能追？？就怕狗腿压价！怎么办？有高手分晰后市变化！,股东,凯撒股份,2
4081,买啦 朋友们,三元股份 10元以下 都是送礼,None,三元股份,1
4082,上周五买进600618，成本7.95.买进600792，成本9.5.,上周五买进600618，成本7.95.买进600792，成本9.5.,None,氯碱化工,2
4083,呵呵,要大涨的节奏啊,None,山东钢铁,1
4084,垃圾,2128,股东,露天煤业,0
4085,上周在沪港通利好刺激下，大盘强势四连阳，一举突破年线。本周，更是有十万亿级别利好赶到，这瞬间引爆A股，周一两市股指高开后便大幅飙升，直接冲破2150点重压力位，且量能仅上午便超过千亿水平，这直接掀起蓝筹股汹涌澎湃的高潮。据媒体统计可入市资金：基本养老保险基金3.1万亿元、住房公积金余额3.2万亿、社会保障基金1.2万亿、公共维修基金1万多亿、企业年金6300多亿、此外还有1.5万亿元险资可以入市，合计超过10万亿元之巨。如此巨额场外资金整装待发，A股自然风生水起，直捣空头老巢。不过，这些巨额资金大多关系到国计民生，因此若进入股市的话，青睐的不可能是早已鸡犬升天的题材股，也不可能是估值高企的创业板，而更有可能是处于估值洼地、股息率较高的大盘权重股。这也是近期小盘股频频跑输大盘的一大内在原因，所以我们也因顺应市场这一趋势，对主板蓝筹股进行适当调仓换股。资金都亲睐权重股，这让不少投资者赚了指数不赚钱甚至还亏钱，如此行情也是投资者最难受的。那应如何选股，才能避免这种窘况呢？好股互动认为，可从以下三大角度来扑捉暴涨龙头。第一政策大力扶持角度，由于A股市场是个政策市，有政策扶持的股票自然香饽饽。如新一轮国企改革开始实行，今日金融类个股便大幅拉升，引领股指。第二主力深度介入角度，有增量资金入场个股无疑能掀起主升浪。如罗平锌电，6月20日开始的连续涨停，便说明了其有主力深度介入，而连续大涨后该股并没有随着大跌，说明主力没有出货，此后经过近一月的盘整，该股再次腾飞，让持股投资者获得更大受益。第三产业资本积极运作角度。在A股市场中的个股，但凡有产业资本减持，其大股东都有做市值的需求。如长江证券，前期实行10送10的高送配，说明产业资本运作已蠢蠢欲动了，而近期该股大涨后，海欣集团便开始大幅减持近2800万股，顺利掩护了产业资本减持。,十万亿级别利好怒掀高潮 三角度扑捉暴涨龙头,None,格力地产,1
4086,今天收盘收在3.93元,28日收盘价,None,江山化工,2
4087,首先再啰嗦一次：对于一个强庄股和长庄股来说，各种技术指标基本都是失真的，甚至就连成交量、价格这两个最基础的指标都会被操控，所以对这类股票不要太执着于技术分析。其次，对于游资炒作的股票，不能按机构做盘的思路来考虑。游资操盘往往不循常理超越散户的思维，受资金成本的制约操盘时间不长手法短平快，操作上一气呵成不受获利盘的影响，区间涨幅一般不超过20%，出货时果决凶狠。资本赢得利益是根本目的，你只要悉心追踪游资的成本，最终在脱离其成本区后灵活迅速止盈就可以了，中间的曲折没有意义，这就是对游资票的战法。我们再对南自做一下复盘：1、上周三盘中数次开板，由于在买一至买十都挂了单，且是拖拉机单，这样老庄的仓位、涌出的获利盘都绝大多数被游资接下，基本上高位6.97吃了近6亿元的筹码，换仓成功，顺带吸引了眼球，挤出了部分获利盘；2、周四不出所料放量渐次下行，中间还发生了部分对倒盘，使成交量放大，进一步挤出获利盘，同时开始接入低位筹码；3、周五继续下砸，接回低位筹码。4、今天早盘继续扔出2千多万筹码，接回1千万的低位筹码。唯一可惜的是主力操盘不够凌厉，直接下杀到5.5元就更便于后面操作了。结果就是，主力扔出去了部分高位筹码，接回了一些低位筹码，但是底仓也下降了，仓位继续降低将影响控盘和获利规模。还持股的弟兄们更不要慌乱也不要纠结一两天的走势，只要想一想，主力几亿的高位筹码还被套着，低位筹码也没有获利，每笔数千手的卖单咱们买不起让谁买去了就行了。我们需要做的就是每天都核算分段的价格和持仓，计划合理的止盈位置，为后面的操作提前做出指导。所以说，庄哥，这样折腾下去，您那浪费了时间成本，散户们血流成河，差不多就行了，雄起吧。,庄哥，差不多就行了，雄起吧,股东,国电南自,1
4088,大家能否同时撤单打开涨停板,放点水吧！,None,新华龙,0
4089,268就像得了猪瘟一样,大盘这几天可是涨了100多点了啊,None,国电南自,0
4090,新庄真毒，,涨停吸货,None,新华龙,0
4091,五万一千八百股哇哈哈,发财喽哈哈，咱们个老百姓今个真呀真高兴,股东,华发股份,1
4092,收盘价格6.79,收盘价格6.79,股东,通产丽星,2
4093,要涨停 就靠,明日冲击10。63元！,None,风神股份,1
4094,耐心等待吧,到目前为止一股未卖，感觉主力还有更大作为的样子,None,龙大肉食,1
4095,铜峰电子高管：臭不要脸！,铜峰电子高管：臭不要脸！,None,铜峰电子,0
4096,,大家快换股吧，大盘放量上攻，A浪第一波可能剑指2450点,None,日上集团,0
4097,保持清醒，坚定持有,今天大盘疯涨，宇通回调，主力志在高远,股东,宇通客车,1
4098,近期主力是否借大盘上涨出货？,近期主力是否借大盘上涨出货？,股东,一汽富维,2
4099,大盘大涨，居然会跌，最可怕的事情会否发生？,最可怕的事情会否发生？,None,宇通客车,2
4100,股票已经高高的了,股票已经高高的了,None,江中药业,2
4101,发射,发射,None,澄星股份,2
4102,这股市着呢难挣钱,看样子涨不上去了,None,江中药业,0
4103,中报业绩增长50左右，这是天津的朋友告诉俺们的，你们信不？！,中报业绩增长50左右，这是天津的朋友告诉俺们的，你们信不？！,None,海泰发展,2
4104,直逼7.99元,直逼7.99元,None,红阳能源,1
4105,抛了这股一身轻松，郁闷大盘涨那么多，他不涨,抛了这股一身轻松，郁闷大盘涨那么多，他不涨,None,海泰发展,0
4106,要吃货请吃下去，而不是挂在那吓人，挂5.70元以下的卖单他们全家归西，我的咒语会让他们今年实现,挂5.66元以下的卖单他们全家归西,None,三力士,0
4107,力荐一文：东财80后主妇年4万增长百万曝光  希望对大家有帮助。,股市玩转一生，要么生，要么死。,None,鼎立B股,2
4108,翻了三倍后高位放量对敲是什么意思?,翻了三倍后高位放量对敲是什么意思?,股东,江淮汽车,2
4109,研报日期：2014-07-28业绩符合预期上半年公司实现收入4.6 亿元，净利润3190 万元（对应EPS0.15元），均同比增20%。同时公司预计1-9 月净利润增速20%-40%。上半年财报4 个关注点：1）上海联欣开始发力，当期收入翻近2倍，是公司收入增长主动力；2）毛利率稳步回升2 个百分点至28%；主要与拓宽业务有关；3）费用控制初见成效：期间费用率比去年同期减少3 个百分点至15%；4）现金汇款状况不理想：经营性净现金流为-4518 万元。发展趋势看好公司下半年加速发展；关注定增资金用途。业务开拓如期实现，下半年收入增长无虑。1）上半年，公司如期拓宽业务至：轨道交通、智慧医疗、数据中心等新领域；获取来自于医院和公用建筑数据中心的订单。为公司稳定利润率和收入增长奠定基础。2）上海联欣值得期待。联欣为公司2012 年收购获得，对2012-14 年业绩年均增速20%的承诺；去年仅增5%，今年订单饱满，值得期待，预计全年业绩在8000 万元以上，同比增50% 。3）上半年公司新成立遵义达实和珠海达实2 个子公司，开辟了新市场。定增进展、资金用途值得期待。3 月13 日，公司公告对于2 位自然人（创始人和控股子公司创始人）发行股份4700 万股（股本扩张23%），募资7.7 亿元，定增有望在三季度完成。充足的资金，为公司实现跨越式业务发展奠定资金实力。盈利预测调整小幅提升2015 年盈利预测8%，以反映新设立子公司对业绩的影响。预计2014/15 年净利润分别同比增43%和39%至1.2 亿元和1.6 亿元，对应EPS0.57 和0.79 元。估值与建议维持“推荐”评级，将目标价从28 元提升至33 元。目前股价对应2014/15 年PE 分别为48x 和34x。看好公司下半年业绩增速逐步上升，此外，密切关注定增的资金用途，有望实现超预期发展。风险1）定增进程慢于预期；2）下半年经济环境仍有不确定性，公司回款受到影响。[中国国际金融有限公司][点击查看PDF原文]提示：本文属于研究报告栏目，仅为机构或分析人士对一只股票的个人观点和看法，并非正式的新闻报道，本网不保证其真实性和客观性，一切有关该股的有效信息，以沪深交易所的公告为准，敬请投资者注意风险。,年初战略如期实现，看好下半年业绩超预期查看PDF原文,研报,达实智能,2
4110,运气就这么好，就买了你！,走势这么奇怪的股票看来中邪了,None,天广消防,1
4111,本人6月份15元附近抛光了海立美达，除权前7.9元买了南京银行，只可惜南京银行在除权前8.34就跑了，在14.2又杀回海立美达，今天上午14.49元继续加仓。只可惜南京银行跑早了，当时很多人不看好南京银行。,今天上午在14.49元又加仓海立美达，只可惜南京银行跑早了！,股东,海立美达,1
4112,一滩,狗屎,股东,国电南自,0
4113,你们不崩溃，调整不结束，目标8.5！,既然是调整，必须让你们崩溃！,None,合兴包装,0
4114,又是拉高出货，不会上当了,又是拉高出货，不会上当了,股东,动力源,0
4115,明日攻城,明日攻城,None,威海广泰,1
4116,先走了，13.65支撑时我再来接。,先走了，13.65支撑时我再来接。,股东,方正电机,0
4117,哈哈，压盘继续,5个涨停，不然主力亏死了，这几天大盘涨了都120多点了,股东,蓉胜超微,1
4118,业绩严重超预期短线至少补两个涨停板，太便宜了，积极买进优质筹码。,业绩严重超预期短线至少补两个涨停板，太便宜了，积极买进优质筹码。,None,博彦科技,1
4119,干嘛和而泰涨就缩量，跌就放量，是庄家放量出仓吗,干嘛和而泰涨就缩量，跌就放量，是庄家放量出仓吗,None,和而泰,2
4120,"清仓吧兄弟们,大盘这么涨守着林小姐这只烂股不划算呀你们是什么建议?","清仓吧兄弟们,大盘这么涨守着林小姐这只烂股不划算呀你们是什么建议?",None,中房股份,0
4121,奥你妈庄家,还不动，我割了。,None,亿利达,0
4122,我承认，我眼睛有问题，以后再也不碰002561这贱股了！！,贱股！要死啦？怎么又跑输大盘？,股东,徐家汇,0
4123,,章源钨业：后期操作需注意的？,None,章源钨业,0
4124,明日回补14.35元缺口毫无疑问，逢高毫不犹豫卖给诱多的庄家，机不可失。,明日回补14.35元缺口毫无疑问，逢高毫不犹豫卖给诱多的庄家，机不可失。,None,顺鑫农业,1
4125,或挑战前期高点，重点关注量能变化！主力做多明确！,或挑战前期高点，重点关注量能变化！主力做多明确！,股东,东诚药业,1
4126,EM_StockImg_StartEM_StockImg_End京新药业(002020)周一透露，益和堂生产经营一切正常，现公司还未有收购益和堂资产计划，沙溪凉茶的推广营销由益和堂负责人及其销售老总在规划，现运行正常。根据此前公告，浙江天堂硅谷元金创业投资合伙企业(有限合伙)于2013年10月8日与广东益和堂制药有限公司原股东方乐尧、刘健雄签订协议，天堂元金以1.2亿元收购益和堂100%股权。天堂元金系围绕京新药业的发展战略，专业从事股权投资、产业并购等业务的投资平台。京新药业的主营业务为生产和销售喹诺酮类系列抗感染药物和心脑血管系列药物。 (来源:全景网)[点击查看原文],京新药业：沙溪凉茶的推广营销运行正常,新闻,京新药业,2
4127,haofanbuji好饭不怕晚！,后发制人!,None,亿阳信通,1
4128,禾欣股份：没有有投资者在 互动平台上向禾欣股份（002343）求证，公司PU革价格在近期是否上涨，禾欣股份表示，近期公司PU革价格没有上涨。,[传闻求证]禾欣股份 公司PU价格近期上涨？,股东,禾欣股份,2
4129,。。。,敢涨停吗？,None,中原环保,0
4130,此股不活跃，没戏，走了。,此股不活跃，没戏，走了。,None,实益达,0
4131,抢进,300172 中电环保相同污水处理概念,None,中原环保,1
4132,稳健的投资者买这个B股吧,稳健的投资者买这个B股吧,None,中兴商业,1
4133,研报日期：2014-07-251H14 业绩超预期1H14 实现营收 32.1 亿元，同比增加 79%；归属于上市公司股东净利润 2.4 亿元，同比增长 99%，超越市场预期。营收持续高增长，毛利率显着提升： 营收同比增速从 1Q14 的 73%进一步增加到 84%，源于美系客户供货放量、以及子公司贡献加大。2Q14 毛利率为 24.0%，同比增加 4.2 个百分点，是 2012 年以来单季最高毛利率。主要源于：1）产品效率与良率爬升带动全线产品毛利提升；2）高毛利的其他连接器(除电脑外)占比上升至42%(vs2013 年的 33%)。费用率略有增加，收购少数股东股权带动净利率向上：2Q14 三大营业费用率较 1Q14 略有增加至 12.0%，随着整合效应的逐渐显现，预计费用率将呈下降趋势。本报告期内公司收购博硕科技少数股东 25%股权，2Q14 少数股东损益同比下降 26%，带动 2Q14 净利润同比增加 99%，净利率同比上升 0.6 个百分点至 8.0%。发展趋势3Q14 业绩动能强劲:  公司预计 2014 年 1~9 月归属于上市公司股东净利润增加 70%~100%(即 3Q14 成长 35%~101%)，高增速将持续。一方面，3Q14 新品众多，美系客户 iPhone 和 iWatch 的精密连接和无线充电将逐季放量。另一方面，考虑昆山联滔少数股权即将并表，公司业绩动能将非常强劲。募投扩产、打造连接器巨头：立讯立足“多元化布局、向高端产品延伸”，进入电脑、消费电子、通讯、汽车等多个领域，先后增加了 FFC、FPC、天线、汽车线束等产品，并通过珠海双赢切入应用于 FPC，通过苏州丰岛为可穿戴设备、智能家居等做好准备，多元化的产业链布局与紧跟大客户的理念为未来快速及持续发展提供了有力保证。公司募投项目旨在技术升级和新项目扩产放量，为未来 2~3 年高增长打下坚实基础。盈利预测调整维持盈利预测不变，2014/2015 全面摊薄 EPS 为 0.73/1.04 元，同比分别增长 65%/42%。维持估值方法不变，由于近期公司两年动态 PE(TTM)均值上升(48.7x)，上调目标价至 36.1 元( 11%)。估值与建议当前股价对应 2014/15 年市盈率 40.9x/28.8x， 维持推荐评级。未来风险在于主要客户产品销量不及预期，与新品推出进度低于预期。[中国国际金融有限公司][点击查看PDF原文]提示：本文属于研究报告栏目，仅为机构或分析人士对一只股票的个人观点和看法，并非正式的新闻报道，本网不保证其真实性和客观性，一切有关该股的有效信息，以沪深交易所的公告为准，敬请投资者注意风险。,业绩动能强劲，高增速有望维持查看PDF原文,研报,立讯精密,2
4134,大单压制！诱空可能性大！洗盘！,大单压制！诱空可能性大！洗盘！[鼓掌],股东,顺网科技,0
4135,落后许多，俺8.45元有成本，怎 办？,大盘这么厉害，B股,None,栋梁新材,0
4136,誓死斗庄家！,真是佩服庄家的耐心，不折腾死人誓不休！远落后于其它蓝筹，看谁抗过谁誓死斗庄家！,股东,深圳燃气,1
4137,"研报日期：2014-07-27公路工程产值增速平稳，市政、轨道交通需求趋势向上，我们预计公司内生增速将维持高位。（1）公路业务是公司传统优势领域，新增投资进入平稳增长期，随着公路里程基数扩大和设计标准的提高，存量公路改扩建需求强劲。我们测算公路工程咨询年产值为925-1340亿，未来三年增速5%-10%。（2）市政业务是近年来拓展的新领域，在城镇化背景下进入快速增长期。2012 年行业产值大幅回落，部分企业的退出为具有资金实力的龙头企业提高市占率提供契机。公司通过跨区域收购实现快速扩张，预计未来市政业务将持续提升。预计“十二五”期间市政咨询CAGR 达15%，至2015 年市政设计产值在85-100亿。（3）轨道交通是交通基建新热点，我们预计十二五期间城市轨道交通设计咨询行业总产值将达600 亿，年均产值达120 亿，未来3年CAGR 达20%。我们判断公司传统设计咨询业务领域将超越行业增速，预计未来三年平均增速维持在30%以上。全国化布局战略持续推进，跨区域收购持续开拓新市场。（1）2008-2013 年公司省外收入占比由12.35%提升至37.37%，省外扩张效果显着。（2）公司自2008 年起先后收并购11 家公司，2014 年完成了对厦门市政和淮交院的收购，持续加码公路、市政业务。淮交院承诺2014-18 年度净利总额达20,325 万元，CAGR22.81%。厦门市政院承诺2014-17 年实现净利润总额12,239 万元，未来4 年净利CAGR为20.43%。（3）若业绩承诺兑现，按照淮交院9 月份并表，厦门市政7 月份并表、上下半年收入确认比例4：6 推算，两例收购增厚2014/2015/2016 年投资收益2242 万/5576 万/6526 万，EPS 分别增厚0.044/0.116/0.136，对应2014/15/16 年增速贡献率11.3%/20.7%/17.7%。环保节能、智能交通领域持续加码，创新业务成长提高估值中枢。（1）智能交通行业正呈爆发式增长，至2015 年投资规模将达350 亿，CAGR 达30%。公司已经通过子公司苏科畅联布局智能交通，有望使公司在交通基建主业优势上延伸产业链，创造增量空间。（2）公司在公路、检测业务上的积累有助于公司横向拓展行业咨询业务，预计公司将通过环评等咨询业务逐步介入环保监测等新领域，并借助并购手段增强团队实力，创造新业务增长点，拓宽目标市场空间。（3）凭借公司多年的渠道布局和咨询业务规模实力，公司外延新领域业务订单获取能力较强，有望较快做大规模，从而提高公司业绩与估值水平。盈利预测与估值。我们预测公司2014/15/16 年EPS 分别为0.56/0.77/1元，公司内生外延持续高成长逻辑未变，目前股价对应14 年PE 仅15 倍，近期公司股价回落受创业板指数整体性回调影响较大，我们预计公司未来一年基本面趋势向上，且14 年下半年催化剂较多，目标价11.2 元，维持“推荐”评级。[银河证券股份有限公司][点击查看PDF原文]提示：本文属于研究报告栏目，仅为机构或分析人士对一只股票的个人观点和看法，并非正式的新闻报道，本网不保证其真实性和客观性，一切有关该股的有效信息，以沪深交易所的公告为准，敬请投资者注意风险。",内生外延全国扩张，深耕传统布局新兴查看PDF原文,研报,苏交科,2
4138,已经出仓，感觉良好，娃哈哈，看着这个温股最舒服了,已经出仓，感觉良好，娃哈哈，看着这个温股最舒服了,None,日发精机,1
4139,买买买,营业大厅紧急备战：明天大涨，机会就只有一次，能涨停就继续涨停,None,广宇集团,1
4140,开启,上功，启动机械时代到来,None,天桥起重,1
4141,太能扯了,呵呵，晚上公告东诚药业利好消息收购中石油！,None,东诚药业,2
4142,真难心追不上了,真难心追不上了,None,江中药业,0
4143,谁这么骚，在11.56压了1000手,谁这么骚，在11.56压了1000手,None,天顺风能,2
4144,真不容易,炒股真难,None,江中药业,2
4145,海上风塔对二季度献利不大，也就是说实际情况可能会更严重，这个时候不顺着大盘指数上去，大盘回调之时，破11只是时间的问题,天顺说了,None,天顺风能,1
4146,RT，跑不掉的！,如果重组成功，大股东必须引入机构认购发行股份，将来必须拉升股价！,股东,红阳能源,1
4147,今天不是大盘暴涨，这个股会跌停板,今天不是大盘暴涨，这个股会跌停板,None,天顺风能,0
4148,江淮汽车XC,冲高回落，但主力仍在，后市必将再度拉升,None,江淮汽车,1
4149,拉升趋势未改 多少钱卖都是错的,买凭技术  卖靠勇气,None,科达股份,1
4150,江淮汽车~ 后市行情分析,江淮汽车~ 后市行情分析,None,江淮汽车,2
4151,让庄家慢慢玩去,上27走人，此庄如龟庄。,股东,远方光电,0
4152,江淮汽车~ 后市行情分析,江淮汽车~ 后市行情分析,None,江淮汽车,2
4153,呵呵,现在就等受不了的割肉了，真的不急。,None,罗莱家纺,1
4154,大盘涨了3个点，迪马还在拉垃链，市场第一垃圾股。,大盘涨了3个点，迪马还在拉垃链，市场第一垃圾股。,None,迪马股份,0
4155,哈哈,哪位支持罗赖的大虾，把众帮的3000万股解禁股，接过来呀！,None,罗莱家纺,0
4156,如题,中报净利润1.5亿，同比增长20%,None,龙净环保,2
4157,观点一，有限，虽然，久立参于的U管毛利非常可观，但，无论在久立产品机构中，还是单个核电站里占比不大观点二，迎来新一轮业绩高增长虽然，久立参与的U管在目前的久立产品结构中占比不高但，随着国内核电重启，需求加大，对应的国内竞争对手仅宝钢一家，获得订单的机会增大，产量也随着增加，高附加值U管生，产一定在久立的产品机构中得到提升，没有任何疑问！！！更重要的是，久立目前进入核电的不仅仅是U管，还包括管件包壳，热循环，水循环管件这些管件的配置率高，更换需求也很大，几乎大家都忽视了。目前，国内或将有十几家核电可能启动，其需求量将是一个不小的数字可见，这一块，对久立特的影响，正如郑秘书所言；久立特材核电管件前景广阔。,核电重启，究竟给久立特材带来多大好处？,None,久立特材,2
4158,狗日的又是9手卖了想死了,狗日的又是9手卖了想死了,None,长园集团,2
4159,蓝筹股上涨时主力资金流出高位回落时主力少有流入诱多成功,蓝筹股上涨时主力资金流出高位回落时主力少有流入诱多成功,None,天瑞仪器,2
4160,狗日的又9手卖开了,狗日的又9手卖开了,None,长园集团,2
4161,新南洋，我来了！涨吧！第三波,新南洋，我来了！涨吧！第三波,股东,新南洋,1
4162,20走人！,20走人！,None,冠农股份,0
4163,毫不犹豫抢筹买进如此便宜的优质博彦科技筹码，机不可失，大幅补涨毫无疑问。,毫不犹豫抢筹买进如此便宜的优质博彦科技筹码，机不可失，大幅补涨毫无疑问。,None,博彦科技,1
4164,持股不少天了，前期获利没抛，后面亏了，看来和这个股票无缘，只能割肉走了。,耗不起时间，亏着走了,股东,道博股份,0
4165,不过今天确实有一大利好 那就是李总承诺 未来会出国推销国内软件 这对外包公司确实构成大利好  但是这个票短期涨不起来 因为筹码已经被社保抛掉去炒大盘股了,不过今天确实有一大利好 那就是李总承诺 未来会出国推销国内软件 这对外包公司确实构,None,博彦科技,1
4166,最最拉垃圾的股票600136,最最拉垃圾的股票600136,None,道博股份,0
4167,唱多的都在自掘坟墓,唱多的都在自掘坟墓,None,博彦科技,0
4168,小盘股大涨,小盘股大涨,None,钱江水利,1
4169,分时最大量基本不超过1000手，今天才500左右，可见筹码锁定的多好。,近日涨跌的量能都比较小，说明筹码越来越集中,None,当升科技,1
4170,走了,没意思，浪费大好行情,None,象屿股份,0
4171,妈的，碰上了创业板大调整！,走人,股东,当升科技,0
4172,这也叫涨吗,垃圾,None,宁夏建材,1
4173,主力得来不易的筹码必将珍惜，现在只是属于拉升起步阶段，事实将证明,影响的当升的因素是必须大涨,None,当升科技,1
4174,大宗交易1900万股不是来吃狗屎的！！如果真的不涨那它绝对可以去死了！！！大盘形势这么好！！！！该补涨的都会被涨有什么好怕的。,一句话总结！,None,亿阳信通,1
4175,就是不涨,没错2013年年报显示持有申万1027.89万股,None,神奇制药,0
4176,如题...,为什么看不见龙虎榜是哪些人在买卖呢？,None,健康元,2
4177,快跑呀，再不跑就坏了,快跑呀，再不跑就坏了,None,东莞控股,0
4178,据银监会的批复文件，三家试点民营银行筹建工作需要在6个月内完成，如果未如期完成可以提前1个月申请延期。仅有一次筹建延期机会，最长期限为3个月。这意味着，民营银行筹建工作最长必须在9个月之内完成，否则筹建批准文件将失效。银监会此次对三家民营银行筹建的批复，还将单一发起人持股比例从此前提出的20%，提高至30%。例如，深圳前海微众银行的主发起股东腾讯总股本占到30%，百业源投资有限公司占总股本20%，立业集团有限公司占总股本20%。银监会相关负责人还透露，深圳前海微众银行在做规划的时候，设定是互联网特色，至于会不会设立实体网点，还要以开业的时候最终批准的经营范围为准。,阿里巴巴完败腾讯，憾失首批民营银行名单,None,健康元,2
4179,真吓人,600116上面，全是千手万手的卖出单呀,None,三峡水利,0
4180,腾讯金融平台的希望银监会公布的阿里发起的银行定位“小存小贷”，腾讯定位“大存小贷”，天津定位“公存公贷”，其他两家则体现特定区域，服务当地的小微企业、金融消费者。     此次阿里完败腾讯。,名副其实腾讯概念股，目标价20元,None,健康元,2
4181,大老板醒了，同胞们快上！,大老板醒了，同胞们快上！,股东,中航电子,1
4182,嘛的，压盘太明显了,压你嘛了个逼,None,明星电力,0
4183,紫江筑顶已成，下午2：00后下攻，近期目标价5.70紫江筑顶已成，下午2：00后下攻，近期目标价3.70,紫江筑顶已成，下午2：00后下攻，近期目标价5.70紫江筑顶已成，下午2：0,股东,紫江企业,1
4184,让我坐上快艇，希望还有火箭,感谢太极,None,抚顺特钢,1
4185,持有国电南瑞的，为什么今天卖股票呢？是给你父母做寿吗？吃屎了。下午谁卖国电南瑞，谁倒霉？,国电南瑞的主力今天吃什么了？,None,国电南瑞,1
4186,机会情报：迎“八一”十场军演连续“开火” 7股或直接受益同花 顺财经了解到，来自中国海事部门的航行警告显示，解放军将在渤 海、黄海、东海、北部湾同时期举行军演，时间均集中7月25日至8月2日期间。业内分析认为，25日是中日甲午战争爆发120周年纪念日，中国海军此日开 始在上述四水域同时期举行军事演练活动或为庆祝八一建军。此外，7月至9月，解放军总参谋部将会陆续组织十场代号为“火力-2014”的系列陆军兵种部队 跨区演习。国防部新闻事务局表示，进行飞行管制是在确保领空安全、飞行安全和维护空中秩序的前提下，为军队战备训练飞行、民航公共运输飞行和 通用航空飞行提供空中交通服务。近年来，军队已经采取多种措施，努力减少军事活动对航班影响，支持民用航空事业快速发展。今后，军队将继续配合民航等部门 做好相关工作，为我国经济建设和航空事业发展服务。点评：加强国防实力建设是强国之路，国防预算或在未来10年内保持在10%以上的增长速度。同 花顺Ｆ１０个股信息雷显示：随着八一建军节的到来，大规模密集的军演或提升军工股的关注度，如北化股份、抚顺特钢、中原特钢、中国卫星、北方导航、航天电子、成飞集成等。,机会情报：迎“八一”十场军演连续“开火” 7股或直接受益,None,抚顺特钢,1
4187,冠农股份中报10送20派10元，8月下旬停牌启动冠农股份、国投罗钾换股吸收合并议案。冠农股份、国投罗钾换股比例预计定为1：2.49，即换股股东所持有的每股冠农股份A股股票可以换得2.49股国投罗钾本次发行的A股股票，国投或其他第三方作为现金选择权提供方。以上设想均为虚构，如有雷同，纯属巧合。,国投罗钾换股吸收合并冠农股份的方案设想,None,冠农股份,1
4188,赚钱吧，相信赚钱的时机来了，让我们一起赚钱,观察好几天了，分析确实很有道理。,None,宏图高科,1
4189,这个破股怎么股性这么死呢，按理说题材挺丰富的啊,这个破股怎么股性这么死呢，按理说题材挺丰富的啊,None,山东高速,0
4190,江南化工，快抢,江南化工，快抢,None,卧龙地产,1
4191,均线压着上不去了！快走吧！,均线压着上不去了！快走吧！,None,银鸽投资,0
4192,哈哈哈，操他嘛的底丫,捡便宜咯，,None,柳化股份,1
4193,近期热点在沪港通，前期推中国平安己涨20%。！当下行情火爆，及时追热点是获利之道。请关注新兰德理财！,近期热点在沪港通，前期推中国平安己涨20%。！当下行情火爆，及时追热点是获利之道,None,青鸟华光,1
4194,继续涨,这次发财啦已经赚三毛了,None,柳化股份,1
4195,如放量突破，应该是加速期,战友注意，5.36是前期开板的均价,股东,*ST新业,1
4196,等着数票子了！,满仓待涨坐享小庄拉升！,None,柳化股份,1
4197,该股的真正庄家还没有进场！还股［到拉升时期！,该股的真正庄家还没有进场！还股［到拉升时期！,股东,古越龙山,1
4198,低价要革命,低价要革命,股东,福建高速,1
4199,西南证劵真垃圾,西南证劵真垃圾,None,西南证券,0
4200,钱钱钱钱钱钱钱钱钱钱钱钱钱钱钱钱钱钱钱钱钱钱钱钱钱钱钱钱钱钱钱钱钱钱钱钱钱钱钱钱钱钱钱钱钱钱钱钱钱钱钱钱,我买了000728是在11.08元--,None,美罗药业,1
