2401,大家,搞撒呢,股东,瑞康医药,2
2402,我忍,无聊透顶，寂寞难耐,None,大连控股,2
2403,人都走光了,重组是不是失败了，这么个走势是失败的迹象。,股东,圣莱达,0
2404,压盘，压盘，压你M的盘,压盘，压盘，压你M的盘,股东,宏达股份,0
2405,拭目以待！,11.69翻三番，那么跌50%目标可期！,None,合兴包装,0
2406,什么情况,参股银行的都涨了,股东,宝新能源,2
2407,新城的操盘手果然是技术型人才。,新城的操盘手果然是技术型人才。,None,新城B股,0
2408,/,龙头  300272 爹  听 ///,股东,中珠控股,2
2409,大底.跟进,跟进,股东,纽威股份,1
2410,/,危险  爹   听     了  闪 ///,股东,中珠控股,0
2411,最后疯狂卖！买将井喷的军工重组第一股600355,最后疯狂卖！买将井喷的军工重组第一股600355,None,宝钛股份,2
2412,/,什么癌股 完全是 骗子 ///,股东,中珠控股,0
2413,涨不过指数农药股!老话久盘必跌。,涨不过指数农药股!老话久盘必跌。,None,长青股份,0
2414,/,没有人 喊多了 被主力砸掺了 ///,股东,中珠控股,0
2415,不会进,问题股票现在只有出,股东,锦江股份,0
2416,涨涨出货算了 磨磨叽叽的,此庄真墨迹,股东,中珠控股,2
2417,今天有望跌停,今天有望跌停,股东,宝莱特,1
2418,/,600568主力 完全在 我 掌握 中 ///,股东,中珠控股,1
2419,123,今天没上车的回调再吃,股东,鸿达兴业,2
2420,走起,转战000790华神， 不陪葛大蛋你了,股东,中珠控股,0
2421,不知何年何月得尝所望,不知何年何月得尝所望[赚大了],None,新纶科技,0
2422,个人观点，希望能涨到此价,涨到1。8，我240000股全出。决不贪心,None,韶钢松山,1
2423,,今天钢联会跌停吗,股东,上海钢联,0
2424,今天洗洗睡了,今天洗洗睡了,None,中粮屯河,1
2425,今天涨停,今天涨停,股东,登云股份,0
2426,。,猪力你给点力啊 难道去抢交通银行了？,股东,中粮屯河,0
2427,感觉玩的太夸张了吧。,感觉玩的太夸张了吧。,None,蒙草抗旱,0
2428,主力老压盘什么意思~,主力老压盘,股东,中粮屯河,0
2429,这是什么样的主力？,好高哦,股东,广晟有色,1
2430,高点抛不好，非要在7元卖，是不是急用钱？,高点抛不好，非要在7元卖，是不是急用钱？,None,友好集团,2
2431,第一目标6.5元,第一目标6.5元,股东,曙光股份,2
2432,,股托已经疯狂了，都在叫多，必跌,None,日上集团,0
2433,,3.58接回一部分，明天3.45看能接不，,None,华电能源,2
2434,留100股留念，感谢主力，祝大家好运,25.75全清，见好就收,None,一汽富维,0
2435,要涨停版,要涨停版,股东,思源电气,0
2436,汽车股开始没落了,银行 券商 带领大盘向上冲了,None,江淮汽车,0
2437,好牛逼的大连控股，超越大盘，狂跌啊！,好牛逼的大连控股，超越大盘，狂跌啊！,None,大连控股,0
2438,走，换股吧。,流通盘太大，没有希望了。,None,北方创业,0
2439,最新消息八月初ST合泰又將停牌,最新消息八月初ST合泰又將停牌,None,*ST合泰,0
2440,小心为妙,封板量能比较小，后续连扳有待观察,股东,*ST合泰,0
2441,扬帆起航,疯狂的海得,股东,海得控制,2
2442,主升浪真的来了，股友们快买。,主升浪真的来了，股友们快买。,None,林海股份,1
2443,又错过行情了。三元注定是只倒煤的票。,要是上证跌1.5个点，这SB还不得跌停？,None,三元股份,0
2444,干尼玛一万年,操盘手谁把尼玛和你老板他妈又没有‘日’舒坦,None,宝安地产,2
2445,一波比一波低,明天必回补缺口，不跑的要当站长了,股东,天龙集团,0
2446,4444444,清仓。狗杂,股东,实益达,0
2447,明打压暗拉抬 庄家资金大幅流入，即将反弹拉升！,明打压暗拉抬 庄家资金大幅流入，即将反弹拉升！,None,广晟有色,1
2448,准备赚钱~,准备起航，就是现在，买进,股东,中珠控股,1
2449,/,哈 哈 坚决做 空 600568 ///,股东,中珠控股,1
2450,/,大盘张听 600568爹听 快跑 ///,股东,中珠控股,0
2451,/,大 盘 到 顶 了 跑啊 ///,股东,中珠控股,0
2452,看不明白了~~~有醒目的给指点一下么？,为什么这么弱？,None,中粮屯河,2
2453,套死你-,中粮屯河一一一一一一一一下午跌停跌停在跌停,None,中粮屯河,1
2454,上不去什么也别说-套的就是你,中粮屯河一一一一一站住6元上方才可以看高一线,None,中粮屯河,2
2455,打新股的钱放出来了，现在是机构出货。,打新股的钱放出来了，现在是机构出货。,None,长安汽车,2
2456,8元挂单100手,8元挂单100手,股东,通葡股份,2
2457,羡慕啊,昆明我已上不了车，羡慕,股东,昆明制药,2
2458,求高人指点,大盘暴涨。为什么时代新材的主力近乎于疯狂的出逃,None,时代新材,1
2459,信不,弱势依旧，不看好,股东,钱江生化,0
2460,太坑了,这票太坑爹了,股东,江淮汽车,0
2461,大盘和有色完全疯了,大盘和有色完全疯了,股东,吉恩镍业,1
2462,死股一只,死股一只,None,亚通股份,0
2463,600418；_你可以不信，但是你千万别后悔？,600418；_你可以不信，但是你千万别后悔？,None,江淮汽车,2
2464,无奈被抛弃,无奈被抛弃,None,钱江水利,2
2465,大涨来临！,不等了！全仓买入,None,北京城建,1
2466,期待大涨,山高山高，越来越高,None,山东高速,1
2467,涨幅前三的板块市盈率和业绩并没吸引力。会不会是神经套？试目以待,涨幅前三的板块市盈率和业绩并没吸引力。会不会是神经套？试目以待,None,美锦能源,0
2468,就靠它挣钱呢,炒股票我就跟着山高这一只走了，别的先不考虑了,None,山东高速,2
2469,看着大盘的走势，看着这货趴着，我想说句脏话,我能在这里说脏话吗？,股东,中国电建,0
2470,利好出货的干活！复兴医药走得多好！,利好出货,None,恒瑞医药,1
2471,看看银行股低位建仓突破，大盘将强势突破，大家别了这个垃圾股，去寻找未启动的补涨股，补涨股一抓一大把，都是好股啊,"银行板块真突破,大家别了此股，去寻找还未启动的补涨股，补涨股就是好股，一抓一大把",None,美锦能源,1
2472,每当我没有信心抛了，股价就会起死回升。今天为了大多数小散。哥再做回雷锋吧、,抛了,股东,国旅联合,1
2473,敏感内资近几天先下手保卫战打响了！！！,关注，“沪港通”为外资掠夺控制我国稀缺资源打开了大门！！,None,西藏天路,2
2474,亲们明天冠农要跌破五天线了。先出来等16，3左右时再进不迟,亲们明天冠农要跌破五天线了。先出来等16，3左右时再进不迟[不屑],None,冠农股份,1
2475,公司扩张投资短期内无行情。,牛市来了，公司却扩张。,None,富临运业,1
2476,跟着山高，我分析了市场其他股票，就这只最靠谱了,跟着山高，我分析了市场其他股票，就这只最靠谱了,None,山东高速,1
2477,狗基富&#215;的太监之路,见证，狗基富&#215;的太监之路,None,罗莱家纺,2
2478,再不红，都不好意思了。,再不红，都不好意思了。,股东,金宇集团,2
2479,803,看其它煤炭股,None,威远生化,2
2480,亿阳信通在大盘蓝筹掩护下，尽情的在出货。每次1000手左右。,大盘蓝筹掩护下的出货,股东,亿阳信通,2
2481,击穿地板吧！我好补仓,击穿地板吧！我好补仓,None,国旅联合,2
2482,都是小散在意淫或者是主力要出货了，放出的风声！,股市根本不存在所谓的漏网之鱼！切记切记！,股东,亿阳信通,0
2483,放量而滞涨、你们懂得、浮云而已,放量而滞涨、你们懂得、浮云而已,None,上海梅林,2
2484,大家快买。,华能国际，一年之内，必上9块，还有50%的空间，大家快买啊,None,华能国际,1
2485,大盘全涨3%以上，而。。。。。。。。。。。。。,庄托一出谁于争峰？,None,禾欣股份,2
2486,5.60元收盘，洗洗更健康,健康元今天不要涨要跌些才好,None,健康元,2
2487,买点有色去了，这B太浪费时间,走了,None,曙光股份,0
2488,你还是起不来,电力开始大幅拉升了,None,明星电力,1
2489,大盘涨成这样了，主力把筹码压出，那个那个。。。大家多买点吧，顶住！,该涨不涨，后市。。。看那个什么。,None,亚通股份,2
2490,4.01卖掉了  是福是祸？,被洗出去了,None,银鸽投资,2
2491,今天大盘开创了近期历史性的大涨，388涨幅不大，仔细研究，主力还有出逃迹象，大盘已连续涨了20日有余，随时可以掉头调整，今天这个局势下，还不跑，还等什么？,今天不跑，还待何时？,None,龙净环保,0
2492,大盘下跌，，标准没涨就要跟跌 500百手以上的大单全是抛 此股无庄 很快就会跌成绿,大盘下跌，，标准没涨就要跟跌 500百手以上的大单全是抛 此股无庄,None,标准股份,0
2493,主力提前知道今天大盘暴涨，故意停牌，原因是不想涨，等5天后大盘开始跌了，反正已换交行了，数钱了,主力提前知道今天大盘暴涨，故意停牌,None,山西焦化,2
2494,卖了  大盘暴涨  你MB才涨才1个多点  吃屎去吧,卖了  大盘暴涨  你MB才涨才1个多点  吃屎去吧,股东,宏图高科,1
2495,真搞不懂这只狗熊股票，一年时间股价从14.6元跌到现在的9.2元，惨不忍睹呀。我为什么这么倒霉买了这只股？后悔,半个月大盘暴涨150个点杭汽轮股价怎么还跌呀？,None,杭汽轮B,2
2496,大胆买吧 看看大盘 狗庄还敢跌去哪里,强势洗盘结束,None,通葡股份,1
2497,涨了，快买入,涨了，快买入,None,天顺风能,1
2498,东安4.50是头部，我清仓了。,东安4.50是头部，我清仓了。,None,*ST东安,0
2499,,天时.地利.人和就看底牌了,None,中房股份,2
2500,下午大盘冲高回落,下午大盘冲高回落，不是大顶好是短顶,股东,东方创业,2
2501,十年如一,十年如一,股东,上实发展,2
2502,沪指走出了突破行情，应该有一波较好的行情出现，等金山放出来估计打底能上10块，20块也是很有希望的,从今天的大盘趋势来看,None,金山股份,1
2503,"最好的9元股中报每股收益2.60元矿业股！2014年报每股收益3.00(元)矿业股！[600382]广东明珠子公司广东大顶矿业拥有华南第一锌、锡、钛磁铁矿多金属矿远景资源量有望达4.5亿吨,该矿是国内罕见的量大质好、易采易选的露天锌、锡、钛铁矿区，年产量锌、锡、钛磁铁矿300万吨以上。目前广东明珠投资参股银行、有色金属开采、核电站阀门及新能源汽车生产，广东明珠(600382)公司2014年中报预增600%以上和分红利款7880.40万元,4倍市盈率。两市独一无二9元股！[600382]广东明珠！9元股中报每股收益2.60(元)2014年报每股收益3.00(元)！广东明珠最好的锌、锡、钛磁铁矿矿业股=高送转预增霸主=暴涨翻倍即将展开....2014.7.28.10.53",最好的9元股中报每股收益2.60元矿业股！,None,新华龙,1
2504,哎，不知道庄在做什么，这么明显的手段，难道是来欺骗我的？,这段时间经常出现突然的大单扫货，是对倒还是没吃够？,股东,美罗药业,2
2505,活该、活该、活该、活该、活该、活该,抱希望，都是傻瓜。,None,日上集团,0
2506,整天卧漕！不脸红吗！整天打压操盘手都是死人吗？走势很不正常！,整天卧漕！不脸红吗！整天打压操盘手都是死人吗？走势很不正常！,股东,美罗药业,2
2507,今天的煤业都好多涨停了 758这么小的盘 主力还死压有病,今天的煤业都好多涨停了 758这么小的盘 主力还死压有病,None,红阳能源,2
2508,该股前期已经走了一波较大的行情，属于个股行情，庄主不会跟大盘而动的，不换股的人将错过这波行情。,不换股的人将错过这波行情,None,波导股份,0
2509,好啊，呵呵,周一：超级天线,None,江淮汽车,2
2510,箱体突破后量持续放大，是已经盘整了很长时间的大突破，各版块轮动明显。此番牛市来势凶猛，还是小心为妙。,各版块轮动 后量放大 牛市来临 小心为妙,None,海澜之家,0
2511,大盘上涨五天，又错过上涨的良机。等五天后复牌，又跟着大盘回调。永远不会涨的啊,大盘上涨五天，又错过上涨的良机。等五天后复牌，又跟着大盘回调。永远不会涨的啊,None,山西焦化,0
2512,三一是中国为数不多的令人尊敬的企业（个人最欣赏华为）。从94年31进入工程机械行业到现在已经20年，期间：1、三一牵头使混凝土机械几乎看不到外企的影子。2、研究三一挖掘机械的成长史可以看出31的韧性、坚持和崇高目标。3、09年三一集团重金布局机床产业（机械之母-真正的国之重器），至今还在努力中，我坚信三一会秉承其一贯作风，为大中华贡献一个世界级的机床品牌。4、11年4月三一的市值非常可观的时候，三一的基本高管层未曾套现，可以看出三一管理的理想。附：1、无论股价高低，我一直欣赏三一。2、我仍然坚持10元以内的三一股票具备投资价值。,我为什么欣赏三一,None,三一重工,2
2513,高手对决，犹豫者必死！故怕套之心不可有；防套之心不可无！尔康药业目前已经处于不确定区域，风险大于机会，接下来会有回调，前期买的比较低，有获利的战友们，我觉得可以出场了，免得利润又还给庄家！个人一点拙见，各位兄弟们怎么看？都来说说。,尔康制药，亮剑也要收剑！,股东,尔康制药,2
2514,昨天电视节目对三一是利好，有中国政府撑腰，哈哈，三一辉煌指日可待 。明天再涨8%。哈哈哈哈。,昨天电视节目对三一是利好，有中国政府撑腰，哈哈，三一辉煌指日可待 。明天再涨8,股东,三一重工,2
2515,赚点利息，,大资金还不想拉升，只是玩玩，,None,美尔雅,2
2516,~！,资金净流入1.5亿，下午试盘6元关口！,None,三一重工,2
2517,"大行情到来了,居然这么冷清...",冷清,None,登云股份,2
2518,最低价是2.20元，已经接近于抄底的价格。压舱底了！,我的成本是2.236，也持有2300股！,,莲花味精,1
2519,大跌,下午大跌，重大立空出来了,None,首钢股份,0
2520,478垃圾货 草,478垃圾货 草,None,科力远,0
2521,后面有重大的利好消息！,在大盘飙涨下滞涨只能说明——,None,建设机械,1
2522,主力已死，醉龙井哭死！,主力已死，醉龙井哭死！,股东,*ST新业,0
2523,有胆量一辈子你丫别涨，就祘你狠,捂你一辈子，没问题,None,亚通股份,0
2524,三、科研系统功亏一篑，多年沉淀的核心竞争力毁于一旦“国宝”级科研负责人李慧良离职是对家化的又一重创，作为佰草集和家化系列核心研发的带头人，说李工是家化的核心竞争力之一并不为过。我们一直认为化妆品是个高科技行业，就如国家863计划一样，学科带头人的重要程度是不言而喻的，这不是找几个博士生就能替代的。李慧良走后，其空缺非一时或几人之力能补，家化多年心血深沉的研发版块同样面临重新来过的境地。,三、科研系统功亏一篑，多年沉淀的核心竞争力毁于一旦,None,上海家化,2
2525,,下午应该是涨停板！主力对倒他们也累了！,None,江淮汽车,0
2526,主力赚2毛就抛货，剩下一些作融券，,都说是垃圾，走啊！,股东,美尔雅,0
2527,,总该跟上汽车行业指数吧，你是不是音帝给人个了？,None,江淮汽车,2
2528,要出货的庄，完全可以等到6元以上再卖，为什么反到压住5.93呢。大家可能认为是庄在5.93出货，庄家出货肯定会拉升吸引散户跟风在高位出货，为什么在低位所谓的出货，原因只有1个，庄家压住股价，继续吸筹，重组加快了，可能就在近几天时间会停牌告知大家重大资产重组或者吸收合并换股。今天大盘的行情上涨50几个点了，如果庄家还继续放在5.93压价，肯定吸不了筹，反倒把筹码变少了。要是大盘有回落的现象发生，散户可以马上在高位出货，5.93我们一起再把庄家的筹码吸过来吧。说得不对，希望批评，但是重组，肯定是快了。,美尔雅的惊天迷秘,None,美尔雅,2
2529,哎  自买自卖？,这盘面  看出这主力真爱折腾 想赚点钱不容易啊,股东,山东药玻,0
2530,还有8000股融券，怎么操作？？？求高手指点？？,还有8000股融券，怎么操作？？？求高手指点？？,None,美尔雅,2
2531,"五矿即将整合,优质资产注入","现在才发现600961是好股,主力已控盘,卖罗平买600961",None,株冶集团,1
2532,6元卖了，大盘要回调了，跌下来再进,6元卖了，大盘要回调了，跌下来再进,None,美尔雅,0
2533,买入阳泉煤业,什么破股啊 害我错过一轮行情,None,宜安科技,0
2534,大盘暴涨它不涨，此中必有隐情，会隐藏什么样的大利空呢？散户要慎重思考咯！小心下午暴跌？,广州发展下午真的要暴跌吗？散户逃命？,None,广州发展,0
2535,这股票还要跌！,这股票还要跌！,None,宝馨科技,0
2536,14.15自动清仓。我不玩了,14.15自动清仓。我不玩了,股东,浪莎股份,0
2537,啦啦啦,下午就必须补涨 了,None,金杯电工,1
2538,蓝筹股上涨时主力资金流出高位回落时主力少有流入诱多成功,蓝筹股上涨时主力资金流出高位回落时主力少有流入诱多成功,None,西南证券,2
2539,强劲的出口支撑泛酸钙行情持续走好。,强劲的出口支撑泛酸钙行情持续走好。,股东,鑫富药业,1
2540,和昨天不同，今天的量比前几天多，大盘也拉得早，庄家到中午前拉升的钱就差不多用光了，所以必须在11点左右就开始卖了。下午继续跌，至于什么时候反弹，要看资金回笼情况。,今日11点高点起砸，又到庄家没钱时，需要提醒吗？,None,贵研铂业,2
2541,在股市中没有耐心，任何希望获得炒股成功的人，方法再好也将一无用处。有勇而不能“忍”常常能致命，空有抱负而不能“忍”，常能摧毁最有前途的生涯。忍耐是一种修养，是一种境界，是一种宽广博大的胸怀，是一种包容一切的气概。“忍”讲究的是策略，体现的是智慧。能忍者追求的是大智大勇，决不是头脑发热的莽夫。”,空头或有更大动作,None,厦门空港,2
2542,看好，就拿着，别瞎叫，买股不是赌博买大小，要对股票研究清楚再买，别的不说，百利能够8月9号出报告，估计业绩不会很差，转好的可能性是80%,看好，就拿着,股东,百利电气,1
2543,石油加工业增长1.2倍上半年全国规模以上工业企业利润总额增11.4%2014年07月27日 11:21  中国新闻网http://finance.sina.com.cn/china/hgjj/20140727/112119830116.shtml1-6月份，在41个工业大类行业中，35个行业利润总额同比增长，1个行业持平，5个行业下降。主要行业利润增长情况：农副食品加工业利润总额同比增长4.8%，纺织业增长10%，** 石油加工、炼焦和核燃料加工业增长1.2倍，化学原料和化学制品制造业增长10.4%，非金属矿物制品业增长19.3%，黑色金属冶炼和压延加工业增长17.1%，有色金属冶炼和压延加工业增长6.1%，通用设备制造业增长13.5%，专用设备制造业增长3.8%，汽车制造业增长29.1%，电气机械和器材制造业增长25.3%计算机、通信和其他电子设备制造业增长24.1%，电力、热力生产和供应业增长24.1%，煤炭开采和洗选业下降43.9%，石油和天然气开采业下降2.3%。价值投资 上海石化 600688,石油加工业增长1.2倍,None,露天煤业,1
2544,闪人，晕倒，就这股，能赚到钱也不合算，弄的天天心情不好,闪人，晕倒，就这股，能赚到钱也不合算，弄的天天心情不好,None,ST景谷,0
2545,这屁股还把自己当成大盘蓝筹了，每天起伏一个点以内。。。,这屁股还把自己当成大盘蓝筹了，每天起伏一个点以内。。。,股东,汉缆股份,2
2546,这是一只很坏的股票。上市以来一直明目张胆地损害小股东权益，如；长江二桥、所谓天下第一隧等，大家看有利润吗,愤恨,None,武汉控股,2
2547,想赚快钱的赶紧换股，投资的赶紧关机，不换股不关机，少活10年能怨谁。,想赚快钱的赶紧换股，投资的赶紧关机，不换股不关机，少活10年能怨谁。,股东,中兴商业,0
2548,据可靠消息，重组公告就在本周公布，捂住筹码喔，玩死这庄家,据可靠消息，重组就在本周,None,华芳纺织,2
2549,其他都上涨了,在钢铁板块的表现只能说很差,股东,首钢股份,2
2550,通过周易摇卦，要三十号，星期三才大涨。,通过周易摇卦，要三十号，星期三才大涨。,None,长春燃气,1
2551,下午开始大涨,下午开始大涨,None,冀东装备,1
2552,"铁马又能如何,我是慢性子,我等---------------------------------",别说你是木马,None,长春经开,2
2553,您的毅力决定了你的收益！,能扛到现在的朋友到本贴报到，恭喜了！,股东,奥拓电子,2
2554,顶下,换手上午不到2%控盘稳定，洗两天盘后市看涨大家放心持股。,股东,长春经开,1
2555,现在不拉更待何时傻逼,现在不拉更待何,None,通宝能源,2
2556,"买600215就能亏损,快来买吧,买的多亏的多,一会儿就亏一火车.我叫气死庄家.-----------------------------------------------",最近我在研究如何亏损,None,长春经开,2
2557,信不信由你,我下午开盘就压在12.05,None,千金药业,2
2558,在低位，且5个交易日内跑输大盘的股不足百只，而铁龙名列前茅，够狠，我服了，真服了,买了这只王八，我都不好意思跟别人说我炒股了,None,铁龙物流,0
2559,"#疮业务班300385血浪环保市盈率高达140多倍,毫无成长性,标准的新小差天价垃圾次新股.坚决远离,坚决不碰","#远离血浪环保这等的标准新小差等次新股,,",None,龙大肉食,2
2560,本来马年就是丰收年，中国股市低迷了6、7年了，也该有个牛市行情了。中国经济也需要牛市提振信心了。,***牛市确定，个股看着办吧,None,铁龙物流,2
2561,快来抢下午还会上,快来抢下午还会上,None,宝钢股份,1
2562,第一遇到砸盘就吸进，第二遇到飙升就卖出第三遇到横盘就观望，牢记这三点保证你每次赚的舒舒服服的与装家共舞让庄家为你打工。细心想一下，一个忽然预增百分之一千的业绩忽然间又预亏，一定是为了庄家吃货找理由，大盘大涨该股砸盘为什么？想货啊，从1.9吃到2.09你说主力手里有多少货了？,搞定国栋建设有奇招进来看,股东,国栋建设,2
2563,今天收获十个点以上利润。不错,顺利转场军工股,股东,洛阳钼业,2
2564,第一遇到砸盘就吸进，第二遇到飙升就卖出第三遇到横盘就观望，牢记这三点保证你每次赚的舒舒服服的与装家共舞让庄家为你打工。细心想一下，一个忽然预增百分之一千的业绩忽然间又预亏，一定是为了庄家吃货找理由，大盘大涨该股砸盘为什么？想货啊，从1.9吃到2.09你说主力手里有多少货了？,叫你三招搞定国栋建设,股东,国栋建设,2
2565,上周，沪指连收4阳，深圳成指更是收出5连阳，持续的上涨让人们感受到喜悦的同时，也对本周A股能否延续强势行情充满了期待，我们一同来看看周末消息面都透漏出哪些有价值的信息。【巨丰观点】上周，沪指连收4阳，深圳成指更是收出5连阳，持续的上涨让人们感受到喜悦的同时，也对本周A股能否延续强势行情充满了期待，我们一同来看看周末消息面都透漏出哪些有价值的信息：1、IPO发审会在断档一个月后即将开审。证监会7月25日发布公告称，主板发审委将于7月30日召开2014年第109次发审会，审核华懋(厦门)新材料科技股份有限公司的首发申请。点评：IPO发审会此时重启，不得不让人与近期持续回暖的行情联系起来，从近期新股的申购热情来看，&quot;限量+低价&quot;的IPO新模式，无疑在一定程度上分流了二级市场本就匮乏的资金流。从影响程度来看，该消息短期对市场冲击有限，但长期影响最终有多大，关键则取决于监管层是否有开辟出新的资金供给渠道来对冲IPO的抽血压力。2、李克强视察浪潮集团：像支持高铁一样推广云计算点评：从周五浪潮软件的表现来看，市场已对该消息作出提前反应。虽然行情中长期前景值得看好，但考虑到相关个股前期已累计了非常巨大的涨幅，建议大家不要冲动追高。3、近万亿资金备战沪港通，来自香港金管局的最新数据显示，截至2014年5月底，香港的人民币存款已经达到了9558亿元，其中活期及储蓄存款为1584亿元，定期存款则为7973亿元。而在2013年底，香港的人民币存款总额则为8605亿元，也就是说，短短5个月的时间内，香港的人民币存款就增加了953亿元。点评：近期低估值蓝筹股的崛起与该消息有直接联系，考虑到市场普遍预计10月&quot;沪港通&quot;将正式成形，那么在此之前AH价差明显的个股及本身已跌出较高安全边际的个股，无疑在10月之前存在不错的投资机会。4、京津冀交通纳入北京总体规划京郊拟建城际铁路点评：经济融合交通先行，该消息的直接受益者毫无疑问是铁路基建板块，同时产业链当中涉及到铁路控制系统、高铁核心配件的上市公司也无疑将迎来不错的投资机会。5、央行密集启动&quot;定向降息&quot;，今年7月以来，央行接连向内蒙古、上海、汉口、长沙等多家地方银行，分别提供了额度为5-10亿元不等的低息再贷款。点评：此前一系列的&quot;微刺激&quot;政策已经近期的&quot;定向降息&quot;，其根本目地在于完成今年7.5%的宏观经济增速目标。对于A股来讲，下半年的经济环境总体宽松，至少不会对市场产生拖累影响。综上分析，本周A股整体将呈现出震荡盘升的局面，在周初稍作整理之后将向2150-2180区间发起进攻。热点方面，蓝筹群体依然是做多主力，有色、煤炭、券商等板块当中一些近期涨幅较小，但下方量能堆积明显的品种，周初指数震荡期间，可继续逢低积极布局。此外，高铁、信息技术受消息刺激也会出现反弹行情，不过鉴于当中多数个股累计涨幅已不小，建议观望为主。(巨丰投顾 丁臻宇),五大利好突降 过江龙疯狂扫货 A股暴涨真相,股东,苏泊尔,2
2566,好啊,妖庄放量上攻为庄鼓掌,None,国栋建设,1
2567,垃圾股换股浪费了好时机。走了！等我赚够了再来!,垃圾股换股浪费了好时机。走了！等我赚够了再来!,None,长青股份,0
2568,大涨绝对不是开玩笑的,国栋建设未来十分可以期待,股东,国栋建设,1
2569,面对这么少的套牢盘  你此时不拉更待何时？善有善报呀  庄家,看来拿着准油的都是套牢盘  呼叫解放军！,股东,准油股份,2
2570,取消90以上户型的政策就是在耍流氓,取消90以上户型的政策就是在耍流氓,None,南京高科,2
2571,用户操作的抚顺特钢和长江证券目前都涨停 恭喜一下,用户操作的抚顺特钢和长江证券目前都涨停 恭喜一下,股东,准油股份,2
2572,大盘涨近3%，600176跌近3%，垃圾中的战斗机,大盘涨近3%，600176跌近3%，垃圾中的战斗机,股东,中国玻纤,0
2573,去年买创业板股票，是赚钱的。今年创业板已经破位，估值过高，遭到主力资金的抛弃。今年，主力资金建仓主板市场蓝筹股，券商、银行、有色、煤炭，等被明显低估。而宜安科技也属于创业板，也是主力资金抛售的对象，目前走势已经在破位，技术指标全部死叉，后面或还有更大的跌幅。,宜安科技大跌已破位。抛弃创业板，做多主板蓝筹。,None,宜安科技,2
2574,买入南纸的真悲哀，白白浪费这么好的行情和赚钱机会，等南纸复牌还要承受百分之200的损失，真是可怜，南纸这次重组就是注入中闽能源垃圾资产，13年业绩才2000万，开盘必会连续跌停，大家拭目以待吧。,可怜的南纸小散，不但白白浪费这么好的赚钱机会，还要承受南纸下跌带来的损失,None,福建南纸,2
2575,守住筹码！！！！,庄家你牛逼，全面控盘，那就更不能卖了,股东,方正电机,0
2576,停牌重组的股票很多，为什么只有南纸吧里看空的人多呢？者绝对不是空穴来风，那是大家都比较理智，毕竟垃圾福投旗下全是垃圾资产，不会有一个好的资产重组方案。所以有很多人看空。,南纸吧里为什么都不看好这次重组，因为福投旗下没有好资产，全是垃圾资产,None,福建南纸,2
2577,大盘涨幅过大，本周必有回调，注意002196跟风洗盘，先落袋为安，等待时机在抢入。,注意躲避风险,None,方正电机,0
2578,,5阳了---,None,荣华实业,2
2579,金融，低价，有色启动，就是一波波段。自贸不这波主流。那就是板块轮动。机会在后面,大盘不是一日游。600650在等板块轮动,None,锦江投资,2
2580,乱涨过后，还要看新能源板块。这是长久确定的题材。,把握买入良机,None,动力源,2
2581,此股庄家操盘真的很不错,此股庄家操盘真的很不错,股东,新纶科技,2
2582,这些年这么好的行情不多见！叉！我滴 股票还在跌。。,赶紧跑吧，明天再继续接地气！,股东,动力源,0
2583,买进,主力疯狂抢筹，大家坐稳了，目标6元以上,股东,广东榕泰,2
2584,以前怕大盘不好，影响国信证券上市进度，因为国信是大盘股，要融资50亿的。现在好了！哈哈！,指数涨了，IPO将畅通无阻，国信证券上市将加速,None,北京城建,1
2585,绝对让你感谢我,我有分析要说，1000字，大家顶到500帖就发布出来,None,皇台酒业,2
2586,现在说卖出的是好心，因为很快就可低点接回，这股弱，垃圾公司前期在讲故事，后又否认，真不要脸！,现在说卖出的是好心，因为很快就可低点接回，这股弱，垃圾公司前期在讲故事，后又,None,维科精华,0
2587,"跌势有加速迹象,观望为主。",全景网：金杯电工(002533)跌势有加速迹象 观望为主,None,金杯电工,0
2588,买了这股的真不走运，追其他的接下来也是套的，守这垃圾也是死，没戏！都是这垃圾害人，大家告他！,买了这股的真不走运，追其他的接下来也是套的，守这垃圾也是死，没戏！都是这垃圾害人,None,维科精华,0
2589,庄家又在对倒，股价并没有上升，这个狗庄太垃圾，想出票，应拉高。,庄家又在对倒，股价并没有上升，这个狗庄太垃圾，想出票，应拉高。,None,理工监测,0
2590,"大盘涨这么多，这鸟股只涨了一分钱，说明这主力就是不是什么机构，涨升都搞不清楚,",出了，这鸟股实力有限！,股东,红豆股份,2
2591,谁能给点意见，今天走好吗？,谁能给点意见，今天走好吗？,股东,中电环保,2
2592,下午卫星升空,下午卫星升空,None,红豆股份,2
2593,"看着像头牛,就是上不去。牛皮一拉掉，原来是头熊。","看着像头牛,就是上不去。牛皮一拉掉，原来是头熊。",None,金河生物,0
2594,这股还要调整4_6周,这股还要调整4_6周,股东,华胜天成,2
2595,逃命机会。下跌通道的股。遇涨停坚决抛,逃命机会。下跌通道的股。遇涨停坚决抛,股东,登云股份,0
2596,获利盘依然很多！没有办法！上涨不会有！！！,获利盘依然很多！没有办法！上涨不会有！！！,None,华胜天成,0
2597,你他妈压上连9.87也卖不出去,9.97我滚女良个B吧！,股东,华东重机,2
2598,到顶了！快跑！！！,到顶了！快跑！！！,None,招商银行,0
2599,让我来问候一下庄家的老娘,让我来问候一下庄家的老娘,股东,喜临门,2
2600,平高电器，等到12元再买不迟，目前正在下跌，主力出货洗盘选额的时机正好，选择在大盘暴涨之时， 没有道德的基金,平高电器，等到12元再买不迟,None,平高电气,1
2601,按照公司公告，发行4800万股，募资5亿计算，发行价定为5亿/4800万=10.42元，按90%折算，10.42/0.9=11.57元。该公司最近三个月大股东减持的均价在10.5至11.25之间。所以，该股调整的目标是10.5~11.5元，增发前不会涨的，只会下调，成功后能不能上涨就不好说了。,精确计算增发前的股价目标,None,蒙草抗旱,2
2602,多次提醒大家 没有最低只有更低 被跟趋势作对 否则你会si的很惨，今天必跌5个点以上 下午还有两个点,多次提醒大家 没有最低只有更低 你信不？,None,平高电气,0
2603,别的股票涨疯了这瘟股为什么不涨？,买了这瘟股真倒霉,None,广安爱众,0
2604,军工下午胸器,军工下午胸器,None,哈飞股份,2
2605,垃圾,亚宝药业：这样的垃圾股看都不用看。就是臭垃圾一滩。,None,亚宝药业,0
2606,落后大盘150点，手握双鹤=白活,落后大盘150点，恶心,None,华润双鹤,2
2607,这节奏,要疯了,股东,华电能源,2
2608,你可以放利空。但有一点，这么多机构，最后还得让它们盈利。如果不让它们赚钱，你的重组定向增发方案可能很难通过。你这样逆大盘横行很久了，确实太恶心了。,死猪，你如何疯狂也不可能打出恐慌筹码,股东,华润双鹤,2
2609,看分时 现在是横着盘出货 一但主力出得差不多就会狂跌,看分时 现在是横着盘出货 一但主力出得差不多就会狂跌,None,红阳能源,0
2610,182，大盘大跌不跌，大盘大涨不涨，这是庄家吸筹阶段，是机会，有庄，好股，捂股。,大盘暴涨，突破今年前期高点。,None,S佳通,1
2611,行情风格已经切换，本来已经有10天没有席位资金的迹象了，今天席位资金又出现了。只是掩盖在银行有色的光芒之下，今天估计风格要转换了。下午会飙升的PS，早盘我也出了一部分，下午如果跌我就买回来,今天卖股去追有色的人明天就傻眼了,None,江淮汽车,0
2612,等！在等！！,望猛龙苏醒，直飞天宵！！！,股东,安彩高科,1
2613,嘿嘿,nmb醒醒吧，北方几兄弟起来了,None,北方创业,1
2614,大盘连续暴漲，看著600207着急，拿了4个月了，还套着，看这架勢解套很困难，大盘一旦回調，又得跌下來，少赔出局吧,大盘连续暴漲，看著600207着急，拿了4个月了，还套着，看这架勢解套很困难，大,None,安彩高科,2
2615,鑫富药业业绩大增,鑫富药业业绩大增,股东,鑫富药业,2
2616,...,还真敢买哈...等回调再进吧.,None,中原高速,2
2617,有转强迹象，关注（个人观点，不做操作建议）,有转强迹象，关注,股东,保税科技,1
2618,大盘暴涨五十多点，这个二线蓝筹还在折腾一个点，遇到这样的猪庄，坚决回避。,碰到猪庄，换煤飞色舞。,None,安琪酵母,2
2619,大盘大涨的背后，一定隐藏着阴谋？实际上涨起来最赚钱是期指！而它具有双向性，做空力量将堆积!导致来回折腾！原来大盘不涨，时下出逃良机。,大盘大涨的背后，一定隐藏着阴谋？实际上涨起来最赚钱是期指！而它具有双向性，做空力,股东,东诚药业,2
2620,垃圾股老当家，大盘涨了53点他就涨这么一点点，要是大盘跌53点他早就跌停了,垃圾股老当家，大盘涨了53点他就涨这么一点点，要是大盘跌53点他早就跌停了,股东,好当家,0
2621,庄家又在对倒，股价并没有上升，这个狗庄太垃圾，想出票，应拉高。,庄家又在对倒，股价并没有上升，这个狗庄太垃圾，想出票，应拉高。,None,理工监测,0
2622,现在很多股东改成把戏了，表面定增，实际前期后期有解禁，间接的做了个T+0，看下腾讯官网最新一篇新闻，就会枉然大悟。快跑啊快跑啊快跑啊快跑啊快跑啊快跑啊快跑啊快跑啊快跑啊，短线思路（4.4-4.5元左右可以接）长线是活的 除非你能放个1年以上。。,6.23元解禁股比现在2.74多，明显的高开低走，千万别买啊一定会死改玩把戏了,None,国中水务,0
2623,都是庄家斯比,昨天买进今天卖出，这叫什么事,None,神州信息,2
2624,奶奶的什么熊样。,之前买的都没解套呢,None,国中水务,2
2625,石油加工业增长1.2倍上半年全国规模以上工业企业利润总额增11.4%2014年07月27日 11:21  中国新闻网http://finance.sina.com.cn/china/hgjj/20140727/112119830116.shtml1-6月份，在41个工业大类行业中，35个行业利润总额同比增长，1个行业持平，5个行业下降。主要行业利润增长情况：农副食品加工业利润总额同比增长4.8%，纺织业增长10%，** 石油加工、炼焦和核燃料加工业增长1.2倍，化学原料和化学制品制造业增长10.4%，非金属矿物制品业增长19.3%，黑色金属冶炼和压延加工业增长17.1%，有色金属冶炼和压延加工业增长6.1%，通用设备制造业增长13.5%，专用设备制造业增长3.8%，汽车制造业增长29.1%，电气机械和器材制造业增长25.3%计算机、通信和其他电子设备制造业增长24.1%，电力、热力生产和供应业增长24.1%，煤炭开采和洗选业下降43.9%，石油和天然气开采业下降2.3%。价值投资 上海石化 600688,石油加工业增长1.2倍,None,深高速,1
2626,鹏欣系入主国中，成本2元多，自半年前分批卖出，号称需要用于购置海外资产，当众多小散对其失望至极，忍痛割肉以后，鹏欣系翻手为云覆手为雨，在赚取翻倍利润后居然4.01非公开发行巧取2.7亿股国中，再次上位，可以说做了个漂亮的T+0。作为股市中绝对弱势地位的小散，你也许会抱怨，不甘，但是事实就是如此，4.01的发行价和之前剩余的股份加权平均就是鹏欣系的成本，大体在4元以下，这就是有力的支撑。开弓没有回头箭，既然买卖已成定居，嗅觉灵敏的金融资本不会空手而归。眼前一切震荡都是浮云，繁花渐欲迷人眼，逢低吸纳，中长线持有，不要每天盯着屏幕被分时图左右你的喜怒哀乐，其实赚钱会容易很多。,资本腾挪的好手，国中水务开弓没有回头箭！,股东,国中水务,2
2627,热电已经失去最后的一点概念，股东都被抓了，还重组啥呀，不要忘了上次被否就是二股东反对，每次上方都压个大单，明白人都懂得，何去何从，自己掌握！,二股东被抓，放量滞胀。何去何从，自己拿捏！,None,大连热电,0
2628,,完了，完了，5块，给套上了,None,国中水务,0
2629,冀东装备(000856)拟非公开发行A股股票预案。公司股票将于2014年8月初停牌。拟向不超过5名特定投资者发行不超过2.2亿股，发行价格不低于6.7元/股。本次发行募集资金拟用于盾石机械项目和补充公司流动资金。,公司最新消息！,None,冀东装备,2
2630,看看我们的主力还有这个能力吗？！,若首创主力在本周内还能压住首创在6.5以下，我将跌停板卖给他,None,首创股份,2
2631,起初封涨停的12万多手，现在只有5万多手了，卖压挺大的收盘能坚持涨停吗？,28日收盘能涨停吗,None,新华龙,2
2632,,出了如释重负,None,啤酒花,0
2633,如题,我早就卖空了这个臭股并买入了金轮股份，不会再碰这个臭股。,None,龙大肉食,0
2634,买进刚开始启动还未大涨的股，000677恒天海龙！补涨随时开始！,已升至浪顶，不追高！或抛出换股！,None,宝钢股份,0
2635,我是没办法换了，14.2元成本，亏了17万，还好4.16元买了8万股陕西煤业，损失找回点，日上只能硬挺，我都恨死吴家了,行情刚刚启动，好多股票蓄势待涨，快换股,None,日上集团,0
2636,大盘涨了这么多？这股票就想乌龟一样爬着，垃圾,大盘涨了这么多？这股票就想乌龟一样爬着，垃圾,股东,中江地产,0
2637,亚通横盘20多个交易日，小幅区域内震荡。近几日大盘向上猛攻，亚通也无动于衷。没有关注度，换手率低，成交量小，担心过几日大盘向下回调，亚通借势一路狂泻，还是落袋为安，静观其变，希望还会有低吸机会。,等大盘回调时，亚通后期预测,None,亚通股份,2
2638,002016日K调好1O倍升幅是一定进军自贸区药谷美国宝洁升了5O0倍,002016积极重组日K调好1O倍升幅是一定进军自贸区药谷 美国宝洁升了5O0倍,None,华发股份,2
2639,眉飞色舞逼空行情狗庄看你装到何时,眉飞色舞逼空行情狗庄看你装到何时,None,华电能源,2
2640,冒回傻气,4.66元买入的，只求解套，不求获利,None,紫江企业,0
2641,大盘强势上涨、西藏板块强势上涨、资源股强势上涨，天路趁机出货，若是洗盘不该连均价都不守，可怜今天被忽悠进来的了。,下午必跌！,None,西藏天路,0
2642,"最后一次洗盘,洗出最后不坚定分子;即将火箭。","最后一次洗盘,洗出最后不坚定分子;即将火箭。",None,铜峰电子,1
2643,别人在赚钱，我的却在等解套，痛苦啊，2.80元的成本,别人在赚钱，我的却在等解套，痛苦啊，2.80元的成本,None,南方航空,0
2644,心态不良的人，技术再好也是白搭。,请注意了！你们都这票可以进来哦～～,None,铜峰电子,2
2645,"2013年9月26日, 罗莱家纺收到第三大股东石河子众邦股权投资管理合伙企业减持股份的通知. 众邦投资于2013年9月25日减持所持公司股份1000万股, 占公司总股本的3. 56%.减持后, 众邦投资持有公司股份3000万股,占公司总股本10.69%,均为无限售条件流通股.",买这傻股就是错误！,None,罗莱家纺,0
2646,元芳；你说对吧,你只要卖出就能接回来,None,乐凯胶片,2
2647,有色金属.证券.银行，小盘股没戏！,现在关注超趺的大盘股才能争钱！,股东,双塔食品,2
2648,洗盘的最后阶段了，坚持住！,洗盘的最后阶段了，坚持住！,股东,乐凯胶片,2
2649,大盘沿着5曰线上行，你沿着5口线下行，亏了我一万多，你怎么这么丛，气死我],大盘沿着5曰线上行，你沿着5口线下行，亏了我一万多，你怎么这么丛，气死我],None,龙源技术,0
2650,垃圾庄大盘这么好还不拉射等待何时,垃圾庄[不赞]大盘这么好还不拉射等待何时[赚大了],股东,中国医药,0
2651,即使8元买了也舒服，跌吧。我拿着了,继续跌，在买点，手里没皇台睡不着觉,None,皇台酒业,0
2652,铺垫尼玛比，艹尼玛的。害死劳资了，听你们这些庄拖的,铺垫尼玛比，艹尼玛的。害死劳资了，听你们这些庄拖的,None,中国医药,2
2653,,太柔8.65我全出了等做完强势股回来等跌到8.5以下再买回,股东,合康变频,0
2654,00-41,00-41,None,陆家B股,2
2655,善意提醒，先出来，做点差价肯定有的。,大盘今天天量，有短期见顶的可能，市值太大的票都有危险了。,股东,九州通,2
2656,是不是广州地震跟友谊有关系？怎么股东大会开了这么久还不分？,这几元分红还不分？,None,广州友谊,2
2657,6.96元卖脱了，遗憾没有卖在7元以上哦！！,我还以为我早盘卖错了呢，哈哈！当然也不完全一定哈。,None,升华拜克,1
2658,EM_StockImg_StartEM_StockImg_End达实智能(002421)周五晚间披露中报，2014年1-6月，公司实现净利润3190.33万元，同比增加19.68%；每股收益0.15元。上半年，达实智能实现营业收入4.61亿元，同比增加20.09%。达实智能表示，报告期内，公司较好地执行了年初既定的经营方针，以专业化促进规模化发展。在行业事业部的基础上成立了13个区域业务单元作为区域利润中心，初步形成了事业部与区域并行的网格组织体系，精细管理得到较好地贯彻，各项效率指标均有一定提升。由于主营业务稳定增长，及控股子公司达实联欣盈利能力提升，达实智能预计今年前三月实现净利润6395万元至7460.84万元，同比增加2-4成。(来源:全景网)[点击查看原文],达实智能上半年盈利3190万 同比增两成,新闻,达实智能,2
2659,该补涨了，没跑赢大盘有15%-20%补涨空间。,该补涨了，没跑赢大盘有15%-20%补涨空间。,None,三峡新材,1
2660,峨眉山有条新建旅游公路有人知道相关消息么,峨眉山有条新建旅游公路有人知道相关消息么,股东,峨眉山A,2
2661,消息称，自去年11月-12月泛酸钙(维生素B5)价格几乎翻倍以来，春节之后市场价格再现上涨态势。2月份欧洲泛酸钙价格持续走高，欧洲市场已经有报价达20欧元以上，比春节前上涨约5—7欧元，国内出口价格也在逐渐上涨。近期国内厂家受到环保和生产方面的影响，报价仍然坚挺，有厂家提价至200元。,泛酸钙近期暴涨400%,股东,鑫富药业,1
2662,干,勃起，妇临！,None,富临运业,2
2663,量太大了，,大盘跳水,None,新华龙,2
2664,早就给你孙子说过了，装逼嘛，没有关注你了是吧，顺势而为一把的时候错过了，现在大家都不刁你，你自己自摸！量就摆在那里，你不自己做，谁来帮你呢？帮你抬轿子啊,早就说了，做盘最怕没有人关注,None,太极股份,2
2665,最讨厌跳空缺口了，总是要补,今天有个跳空缺口啊，要补吗？,None,豫园商城,2
2666,RT,走势预示晚间会公告，解禁股追加锁定6个月,股东,涪陵榨菜,2
2667,上海银行,关注:民营银行,None,豫园商城,2
2668,研报日期：2014-07-27上半年归属净利润同比增长38%，符合预期合兴包装发布中期业绩快报，预计上半年实现营收13.6 亿元，同比增长14.4%，归属净利润6528 万元，同比增长38.1%，EPS 0.19元，符合预期。销售收入增长及成本费用下降是公司业绩持续快速成长的原因，公司Q2 营收同比增17.6%，较Q1 有所加快，净利受去年Q2 因会计准则调整带来的高基数影响，增速34.7%。关注要点1. 公司盈利能力提升趋势延续，业绩进入收获期。2014 年上半年公司净利率进一步提升至4.8%，为近3 年来的最高水平，显示2013 年公司战略转型后，新基地产能利用率的提升以及内部整合管控的加强，驱动公司经营拐点确立，毛利率、净利率已从2013 年Q1 起呈稳步提升趋势（净利率有望从当前的4.8%逐步恢复至6%－8%的正常水平）。仅公司已有23 个生产基地满产后，净利润即有1.21-1.95 倍成长空间。我们认为未来2 年公司业绩将持续快速成长，维持公司14－15 年业绩复合增速39.2%的目标不变。2. 纸包装属于典型的大行业、小公司，电商经济兴起带来“二次包装”需求放量，驱动纸包装（尤其是瓦楞纸包装）行业高景气度。2013 年纸包装行业产值近5000 亿，成长快（06-13年产值CAGR 19%），竞争格局分散（4000 多家企业，TOP 10集中度不到10%，与欧美差距明显），近年来纸包装行业并购案例不断，行业集中度提升趋势明显，孕育巨头成长机遇，优秀包装企业有望胜出。3. 公司已成立并购基金来分享行业并购整合红利，助力自身更快成长，未来公司还有望围绕包装行业不断延伸产业链，巩固行业龙头地位。合兴包装具有全国布局、跨区域管控、优质客户资源、可复制生产模式等优势，未来将通过并购、延伸两种思路，不断扩大企业规模，提高服务附加值。估值与建议维持盈利预测。预计14－15 年EPS 0.38 元、0.53 元，若未来合兴包装对并购基金内的优质项目进行收购，则业绩存超预期可能。持续推荐。我们重申合兴包装是“纸箱经济”首选受益标的，其将受益纸包装的广阔整合空间，业绩层面新基地产能利用率提升与内部整合提效将驱动公司盈利能力提升趋势延续。并购基金的成立能提升市场对公司的未来前景预期，当前股价对应2014 年PE 24.8 倍，目标价13.3 元。风险新基地产能利用率提升缓慢，客户订单落实情况不及预期。[中国国际金融有限公司][点击查看PDF原文]提示：本文属于研究报告栏目，仅为机构或分析人士对一只股票的个人观点和看法，并非正式的新闻报道，本网不保证其真实性和客观性，一切有关该股的有效信息，以沪深交易所的公告为准，敬请投资者注意风险。,中期业绩同比增长38%，盈利能力持续提升，重申推荐查看PDF原文,研报,合兴包装,2
2669,准备拉升了,中粮生化开始快速上涨，你懂得也是食品也是做谷氨酸的,股东,梅花生物,1
2670,不知高低之人不可理他,当前主力意图比较明显啦,None,西泵股份,2
2671,老子不看不卖，气死你,老子不看不卖，气死你,股东,通产丽星,2
2672,这是傻逼行情啊！,是牛市初征么？傻逼行情么？解套就行了！阿弥陀佛！,股东,鼎泰新材,2
2673,蜗牛式爬升,蜗牛式爬升,None,广安爱众,1
2674,"阿里巴巴芝麻开们,哦也","今天洗的太漂亮了,早盘把大户洗出,拉高后把散户洗出,该古主力已绝对控盘,以后将随心所",None,奇正藏药,2
2675,银行股都在涨，鑫龙怎么不见涨？,鑫龙不是有大江银行吗？,None,鑫龙电器,2
2676,捞回亏损的方法：快速换股为300290、600571.相信我的推荐绝不会错,捞回亏损的方法：快速换股为300290、600571.相信我的推荐绝不会错,None,千方科技,0
2677,翻转时刻即将到来。还在一味做空，将踏空行情。主力之强大超乎你们的想象。如此高的净资产，如此高的公积金和相当不错的未分配利润。一送就变中盘股，赶上大潮流！静静等待主力的爆发！,力生制药，好股票。,None,力生制药,1
2678,"高抛，换000717韶钢股份，刚脱离底部涨幅不到10%，18跌到1.8准备撤退了，上证2160第一目标已经实现接下来要调整了，换小盘重组股云维股份，云南煤业入主承诺到期了四大凶股你有几？？601919从68到3.00000717从18到1.80600096从70到7.00000792从102到15.5A股氢燃料电池概念股：600096【增发】云天化｜增发年度 ｜增发方案 ｜｜2013-12-31 ｜进度说明:已实施 ｜｜ ｜发行方式:非公开增发 ｜｜ ｜实际增发数量:975034018 ｜｜ ｜增发价格:14.1元 ｜｜2011-12-31 ｜进度说明:已实施 ｜｜ ｜发行方式:非公开增发 ｜｜ ｜实际增发数量:103513229 ｜｜ ｜增发价格:17.93元 ｜氢燃料电池概念再添“新贵”证券时报记者从国家知识产权局了解到，云天化全资子公司云南云天化国际化工有限公司申报的“一种硫化氢及工业尾气制氢的方法”(专利号：CN201010155397.3)已由知识产权局授权。专利摘要显示，本发明首创性地提出磷肥与氮肥工业之间的硫、氢循环经济解决方案，也为氢能的生产提供了一种新的原料来源。市场人士分析，推广氢燃料汽车主要需要解决大量制取廉价氢气的方法，传统的电解方法价格昂贵，且耗费其他资源，无法推广。云天化此次制氢专利为氢能的生产提供了一种新的原料来源，云天化沾上氢气制备概念，有望得到资金热捧，对公司股价形成提振。值得提及的是，云天化国际是云天化2012年定向增发注入的优质资产，发行价格为14.30元/股，此批增发股将于今年5月解禁，与云天化现价倒挂明显。请问航运股和造船股应该哪个先复苏？A股远洋最高价69.00，最低2.80，现价3.45601919股价一向是600026的1.5倍，601919一向是HK01919的1.6倍601919业绩每股收益一向是601168西部矿业的4倍601919股价一向是601872招商轮船的4倍，601866中海集运的5倍601919业绩和股价一向是000898鞍钢股份的两倍远洋A股=H股*1.6港股远洋最低2.7，最高40.00.A股=H股*1.6601919=1919*1.6=4.02*1.6=6.4远洋股价相当于大盘上证指数280点。大盘最高6124点，1919最高68.00元601919合理股价=上证指数/100+10%合理股价排名第二熊股的鞍钢已经反转了，远洋还会远吗000898从35.00跌倒2.50，现在3.01元，业绩最好时每股收益1.00元/股601919从69.00跌倒2.70，现在2.75元，业绩最好时每股收益3.00元/股关于中国远洋 股价的理解【置顶】BDI指数与中国远洋A股H股价绝大多数时间内的粗略比价对应关系:BDI指数与中国远洋A股H股价绝大多数时间内的粗略比价对应关系:1100点:6.80元:4.00港元BDI指数与中国远洋A股H股价绝大多数时间内的粗略比价对应关系:2200点:13.60元:8.00港元BDI指数与中国远洋A股H股价绝大多数时间内的粗略比价对应关系:3300点:20.40元:12.00港元BDI指数与中国远洋A股H股价绝大多数时间内的粗略比价对应关系:4400点:27.20元:16.00港元BDI指数与中国远洋A股H股价绝大多数时间内的粗略比价对应关系:5500点:34.00元:20.00港元BDI指数与中国远洋A股H股价绝大多数时间内的粗略比价对应关系:6600点:40.80元:24.00港元BDI指数与中国远洋A股H股价绝大多数时间内的粗略比价对应关系:7700点:47.60元:28.00港元BDI指数与中国远洋A股H股价绝大多数时间内的粗略比价对应关系:8800点:54.40元:32.00港元BDI指数与中国远洋A股H股价绝大多数时间内的粗略比价对应关系:9900点:61.20元:36.00港元BDI指数与中国远洋A股H股价绝大多数时间内的粗略比价对应关系:11000点:68.00元:40.00港元（BDI的历史高点为2008年5月20日的11793点）07年10月远洋H股最高40.8港元,A股68.4元,BDI指数约11000点在过去4年的约1000个交易日内有900天基本如此,正负误差不过10％为啥68.4时应该卖出远洋;而6.84时应该卖入远洋.中国股市必须和投资思路反着做才能赚到真金白银！【中国远洋】68.4时业绩巨盈时就卖出它,,,,,赌,,,,,场内机构帐面获巨利后套现派发开溜6.84时业绩巨亏时就买进它,,,,,赌,,,,,场外机构趁机偷吸割肉筹码悄悄进场中国股市必须投机才能赚到真金白银！必须和投资思路反着做！！.............................................................................................................看到现价很多300系列公司就使我想起3年多前68.4元/股的中国远洋基因和潜质，要破财就把精力集中在现价中小市值股上吧！::创业板中小板股价（它门还刚刚从头部下来到脖子的位置,,离腰和大腿还远着呢）【要求不高】近三百家的创业板股票中至少要出现30家以上股价双对折的股票,才能谈其板块中期见底!创业板指1239点即使不是十年巨顶 ,也必是3&quot;5年的大顶;在中国这个投机泡沫市中,一但此板块指数现大顶,接下来不向下一半以上,咋么可能见大底呢??中国远洋601919半年报亏损该退市了中国远洋处于一个大级别行情的底部随着集装箱行业的复苏，干散货迟早也会复苏。海运业是经济周期的先行指标而且是最反映基本面情况的。远洋现在的形态类似于05年底的很多蓝筹股，业绩不差，但是就是不涨，而且成交量稀少，稍微来点量，就能造成影响。散户在这股上基本没有脾气，就是不断的被收割。现在可能在形成大头肩底的右肩部位，一旦再次突破年线，则确立趋势。今日的跳空，只要本周没有补，就更加确定未来趋势。大蓝筹的大型底部，不会是惊心动魄的拉涨，而只会犹犹豫豫，不知不觉中不断波段抬高底部，不会有涨停，甚至5％以上的都少见。但是你会发现，过了两个月，原来站在年线上了，再过两个月，你发现怎么就从底部上来一倍了。这就是大底部的情况，很多人涨起来，才知道，原来现在有行情了，而这时候，你也该被套了。超级中石油：中国远洋（601919）BDI狂升＋油价跳水＋严重低估＋央企重组=601919回到68.00从68.00元跌下来，最低8.00元，现在8.50.00元，真是垃圾！中国远洋（601919）竟然30.00元定向增发基金抢吼，奇怪！跑啊中国远洋处于一个大级别行情的底部， 随着集装箱行业的复苏，干散货迟早也会复苏。海运业是经济周期的先行指标而且是最反映基本面情况的。601919，600026业绩比中国船舶有优势航运恢复最好时601919可EPS达3.00元，600150可EPS达6.00元！600150现在股价是601919的7倍。西部矿业上天了中集集团当仙了就剩下601919中国远洋成精了601919，600026业绩比中国船舶有优势航运恢复最好时601919可EPS达3.00元，600150可EPS达6.00元！600150现在股价是601919的7倍。别听某些基金忽悠请问航运股和造船股应该哪个先复苏？两市跌得最狠的股票：601919绝对排第一！（新股小盘股ST风险太大）601919中国远洋最高68.00，现价7.98！超级中石油：中国远洋（601919）横了14个月该竖14个月了中国远洋（601919）从68.00元跌下来，最低8.00元，现在11.00元，市值比有些创业板还小，真是垃圾！中国远洋（601919）竟然30.00元定向增发基金抢吼，奇怪！跑啊回调即低吸股票底部在7块多，10年虽然只有0.60---0.70但股价已充分体现，公司未来盈利比较确定，2013年经济全面恢复业绩可达2.00元。11块里可以逐步建仓，一旦打开上升通道就耐心持有，获利会比西部矿业，中集集团，振华重工这几只股票大。601919高点比中石油高（68.00）！竟跑不赢中石油！看你横盘多久？（已经14个月了）601919是垃圾如何从68.00到10.00？跑不赢西部矿业、中国铝业，中国石油，你应该破腹谢罪1股000039=2.5股601919（601919横盘1年多）601919最高68.00000039最高点才36.00我鞍钢脱离底部，西矿还会远吗？可燃冰概念股600168从68跌到5.50！西部矿业(601168)可燃冰新材料发掘大有可为西部矿业（601168）：我国在青海省祁连山南缘永久冻土带成功钻获天然气水合物（可燃冰）实物样品，成为世界上第一次在中低纬度冻土区发现天然气水合物的国家。我国是世界上第三冻土大国，冻土区总面积达215万平方公里，具备良好的天然气水合物赋存条件和资源前景。据科学家粗略估算，远景资源量至少有350亿吨油当量。青海省政府与中国海洋石油总公司在2010年6月签署了《资源合作战略框架协议》。根据此协议，由青海省发改委牵头，中国海洋石油公司、青海省发展投资公司、青海西部矿业集团、中国煤炭地质总局青海煤炭地质局四家单位正积极联合成立可燃冰研究中心。可燃冰项目就是股份公司发现和开采的。到底谁是锂业巨头啊，资料供参考锂对国民经济和国家安全具有重要意义,是21世纪的能源金属。近10年,中国主要从国外进口碳酸锂产品。中国是一个多盐湖的国家,盐湖锂占锂资源工业总储量的85%。现代第四纪盐湖主要分布在我国西北的青海、西藏、新疆和内蒙古四省区,具有很好的开发前景。经过多年科研后,目前国内已经在西台吉乃尔和扎布耶两个盐湖建立了卤水提锂产业。本文对比研究了这两个盐湖资源状况和地理气候条件,以及由此而决定的盐湖资源开发工艺流程,探讨了其工艺优化方向。并指出这两个盐湖具有锂资源储量大,品位高的优势,但是受盐湖类型或地理气候条件限制,工艺上有待改善。建议继续加强对盐湖开发技术优化和对盐湖提锂产业的扶持。盐湖股份（000792） 察尔汗盐湖总面积为5856平方公里，是中国最大的可溶性钾镁盐矿床。湖中蕴藏着极为丰富的钾、钠、镁、硼、锂、溴等自然资源，总储量为600多亿吨，其中仅氯化钾表内储量为5.4亿吨，占全国已探明储量的97％；氯化镁储量为16.5亿吨，氯化锂储量800万吨。在200吨碳酸锂实验取得成功的基础上，集团与核工业北京冶金化工研究院合作，投资5.33亿元建设年产1万吨碳酸锂项目，组建了青海盐湖蓝科锂业股份有限公司。吸附法—卤水提锂技术是新工艺新技术，具有针对性和独特性，该技术达到了国际水平，锂回收率达到70％以上，产品纯度达到99％。2009年进入投料试车。在1万吨碳酸锂项目成功运行基础上，拟及时扩建适当规模的碳酸锂项目，并就氯化锂、钴酸锂、金属锂、锂电池等下游系列产品进行开发和研究，争取在较短时间内延伸锂产业链，并形成一定的经济规模。青海谋划打造中国锂都青海盐湖工业集团与广东佛山照明公司日前签署合作协议，双方将在盐湖资源的综合利用、电池级碳酸锂产品开发、市场销售及售后服务等方面展开全面合作，以打造“中国锂都”。青海省盐湖资源储量大，品位高，类型全，资源组合好，已初步探明氯化锂储量有２０１８万吨，储量居全国第一位，占全国已探明储量的９０％以上，占世界盐湖锂资源储量的１／３。近年来，随着锂电池的开发及新兴领域的发展以及高油价提升了新型动力汽车的迫切性和经济性，国际市场对碳酸锂需求量日益增长。据青海盐湖工业集团股份有限公司副总经理张生顺介绍，迅速增长的消费需求要求有与之相适应的产能，但我国目前采用的碳酸锂提取技术无法形成工业化大规模生产，而且由于纯度原因，目前自产的原材料只能供应一些对纯度要求不高的市场，限制了效益的增长。此次与佛山照明公司合作，意在共同开发青海的锂资源，提高锂资源的利用率。盐湖集团(000578)：察尔汗盐湖氯化钾表内储量为5.4亿吨，占全国已探明储量的97%；氯化镁储量为16.5亿吨，氯化锂储量800万吨；集团投资5.33亿元建设年产1万吨碳酸锂项目，锂回收率达到70%以上，产品纯度达到99%。锂业巨头000792盐湖股份国际钾肥涨价了000792盐湖股份记得氯化钾08年涨到5500元/吨，5年后每股收益可达到8元/股，合计15元股价市盈率才2倍KCL 5500元/吨 成本1500元/吨 每吨利润4000元/吨年销量300万吨左右年利润：300万吨*4000元/吨=1200000万元即120亿元每股收益：120亿元/16亿股本=8元/股市盈率：15元/8元=2倍柴达木盆地将成我国最大锂电池原料基地发布时间： 2009年05月19日 15:01 来源：中投顾问　 【字体：大 中 小】据中投顾问汽车行业分析师李胜茂指出，常规来说，新能源汽车产业链大致分3个环节：上有有色金属原材料，中有车载动力电池材料供应商和电池生产商，下有整车厂商。因有色金属资源具有极强的地域性，因此，在产业链上来看，新能源汽车产业的上有色金属企业将会非常集中。锂电产业属于新能源、新材料的新兴产业，世界各国都很重视，尤其是动力锂电池更备受关注。锂电上产业主要是天然矿产资源，包括钴、镍、锰、磷、铁、锂及各种化合物，其中尤以钴和锂用量最大，但它们在自然界中储量有限，属于稀缺资源。据中投顾问发布的《2008-2010年中国新能源汽车产业分析及投资咨询报告》指出，到2012年，国内有10％新生产的汽车是节能与新能源汽车，按届时汽车年产辆为1000万辆算，我国新能源汽车要达到年产100万辆的规模。中投顾问李胜茂指出，每辆新型动力汽车预计需要0.08吨左右的碳酸锂，一旦动力锂电池大规模应用在新能源汽车上，碳酸锂的市场潜力将十分巨大，预计到2012年仅新能源汽车对碳酸锂的需求每年就将达到5万吨以上。据中投顾问汽车行业分析师李胜茂介绍，在自主研发盐提锂、提镁技术及生产工艺的基础上，我国一些大型工业企业近几年来在柴达木盆地深处开始建设碳酸锂、氢氧化镁等化工产品生产基地。目前国内生产碳酸锂的企业主要集中在西藏矿业、中信国安、青海盐集团这三家公司，而这三家公司的镁、锂矿产均集中在柴达木盆地。资料显示，地处青海高原腹地的柴达木盆地富含有钾、钠、镁、锂、硼等矿产资源，其中氯化镁31亿吨，约占全国保有储量的99％;氯化锂近1400万吨，占全国保有储量的83％。中投顾问李胜茂预计柴达木盆地将成为我国最大的动力锂电池原料供应基地，未来我国车用锂电池碳酸锂原材料需求将得到有效地保障。为了综合利用盐镁、锂等资源，“十一五”期间盐工业集团公司将投资建成年产10万吨无水氯化镁、1万吨碳酸锂等项目，打造现代高科技盐化工基地。",高抛，换000717韶钢股份，刚脱离底部涨幅不到10%，18跌到1.8,None,章源钨业,0
2679,如果股价跌到4.50，就买入100万股先,如果股价跌到4.50，就买入100万股先,股东,曙光股份,2
2680,胎神。不懂你就不要乱开腔。此股票必会涨到38元。,胎神。不懂你就不要乱开腔。此股票必会涨到38元。,股东,*ST合泰,2
2681,有可能,st鲁北？,None,鲁北化工,2
2682,渤海活塞真大方，每10股送0.25元，（每股送2分5厘人民币）。当天每股即跌掉2毛五分，呵呵。那个独立董事蔡惟慈慢走，把圈了渤海活塞股东的钱吐出来再走！否则上帝饶不了你！你拿了我们的钱，会下地狱的！！！,渤海活塞真大方,None,渤海活塞,2
2683,,吴总睡觉都合不上嘴，一股6分钱分红就把大家打发了,None,日上集团,2
2684,卖了，你还敢去买啥，别以为自己聪明，装蛋,就让我喝点汤吧,股东,金正大,2
2685,亚宝你这么做，证监会不会查你吗？,亚宝你这么做，证监会不会查你吗？,None,亚宝药业,2
2686,全清仓！TMD！没成交量，没活性！,全清仓！TMD！没成交量，没活性！,None,中鼎股份,2
2687,看看大盘，亏死你猪,亚宝，你他娘的，猪操作,None,亚宝药业,2
2688,大资金进入，目标远大。,大资金进入，目标远大。,None,宏达新材,2
2689,大盘得了“麻疯病“,大盘得了“麻疯病“,None,美锦能源,2
2690,给我使劲涨！,给我使劲涨[拜神][拜神][拜神]！,None,宏达新材,1
2691,敢拿得出手让丰田世界车老大测试的续航400公里电池，丰田分别拿走两批次电池，会简单么？留给你们低买的时间可能很少，把握好啊，股友们。两桶油年赚走数千亿，（000511）球形石墨材料锂电池重量几十斤充电一次续航400公里（000511）球形石墨材料锂电池重量才几十斤，充电一次续航400公里，丰田公司已分别拿走了两批电池样板。比亚迪的充电一次续航200公里，而且电池重700斤。大家想想，这是一个世界级的中国石化和中国石油概念。。。。。就中国汽车两桶油年纯利润共数千亿元。。。。。。。。。。。。。这个什么级别的题材，，哪路资金不虎视耽耽？？？？？？？？？？？？？？？？？,敢拿得出手让丰田世界车老大测试的续航400公里电池，丰田分别拿走两批次电池,None,江淮汽车,2
2692,量能看下午，缩量获利走人。11.7以上持股,544,股东,中原环保,2
2693,千万别指望江淮上台面！,江淮就是一坨狗屎！,None,江淮汽车,0
2694,低估庄家要付出代价,大开杀戒,None,*ST天业,2
2695,上交所最新披露信息显示，现代制药(600420.SH)时任董事冯鸣，因在“窗口期”违规买卖自家股票，违反了交易所相关规定遭到通报批评处分。经上交所查明，上海现代制药股份有限公司于2014年3月28日披露2013年年度报告，时任董事冯鸣于2014年3月20日和3月27日累计买入现代制药股票62900股，并于2014年6月11日卖出现代制药股票13188股。上交所认为冯鸣未遵守《证券法》第47条以及《上市公司董事、监事和高级管理人员所持本公司股份及其变动管理规则》第11条、第12条和第13条的要求，在现代制药定期报告披露前和股票买卖6个月内禁止交易期间买卖现代制药股票，且未及时向现代制药报告。鉴于冯鸣的上述行为违反了交易所相关规定，上交所决定对现代制药董事冯鸣给予通报批评处分。DZH,现代制药董事违规交易股票 遭上交所通报批评,None,现代制药,2
2696,如题,老大，加多宝借壳的事怎么样了？,None,深深宝A,2
2697,如题,这个王八蛋庄家怎么狠劲砸盘呀？,None,冠农股份,2
2698,海亮总市值1000亿 现在金顶18亿 就是说开盘出来至少涨到300元！持有金顶的兄弟们拿住喽！,海亮集团整体上市！,None,四川金顶,2
2699,这是拿盐湖不当资源的节奏啊,这是拿盐湖不当资源的意思,None,冠农股份,2
2700,创板大涨可你怎么了,创板大涨可你怎么了,None,高新兴,0
2701,谢谢解放军给我赢利19万，今天全部卖出，西药再见了，今年不做了，休息。,谢谢解放军给我赢利19万，今天全部卖出，西药再见了，今年不做了，休息。,None,西藏药业,2
2702,可遇难求 A股再现重大投资机会股市对经济下行反应过度中国经济增速下行毋庸讳言。随着人口红利消失，中国经济已进入逆水行舟的境地。加之产能严重过剩、企业盈利受限、近期房地产市场的重大逆转等因素，均拖累众多行业的增长。纵观发达国家历史，经济不可能永远保持高速增长，经济增速下降并长期处于较低水平，既是普遍现象又是必然规律。然而，过去6年股票市场与经济增长出现严重背离。经济一直高速增长，股票市场却持续下跌。从2007年至2013年，我国国内生产总值(GDP)由25.73万亿元增长到56.88万亿元，上证指数却从6124点下跌到2000点左右，跌幅超过67%。从纵向看，股票市场估值水平创下近20年的最低水平，已经低于2008年全球金融危机时的水平。从横向看，目前中国股市已经成为全球价值投资洼地，以合格境外机构投资者(QFII)为代表的境外资金积极涌入抄底。显而易见，中国股市不但包含了经济增长放缓的种种不利预期，而且对经济下行的预期过度反应。多重因素导致股市持续低迷第一，A股市场的亏钱效应导致投资者信心崩溃。从2007年10月上证指数6124点算起，A股总体下跌近7年；从2009年8月上证指数3478点算起，A股持续低迷近5年。长期下跌的亏钱效应，造成A股投资者备受煎熬，投资群体极度恐慌，几乎谈股色变。第二，高收益信托的刚性兑付，造成无风险利率高企。过去10年，矿产资源和房地产价格的持续高涨，催生了大量收益畸高的信托产品。而此前的刚性兑付，造成信托无风险的假象。这相当于大幅提高了未来资产的折现率，导致资金流出股市，涌向此类信托产品，造成股市低迷。第三，政府换届、周边局势紧张、对金融危机的恐惧、海外唱空中国等一系列因素的叠加效应，导致股市观望情绪浓厚，过度审慎心态盛行，一大批优质股票正以极低的价格水平交易。勿忧经济崩溃，转型孕育机会。首先，中国经济短期不可能崩溃。当前政府不但能通过简政放权、定向降准、公共设施建设等一系列政策措施维护经济平稳，而且政府手中依然掌握着大量资源，完全有能力解决发展中遇到的个别尖锐问题。政府“稳中求变”的经济政策、货币政策，加上壮士断腕的改革力度，已初见成效，经济短期崩溃的概率极低。其次，在经济发展过程中，经济转型是不可避免的。与此同时，在转型中往往蕴藏着许多结构性投资机会。未来休闲娱乐、医疗保健、信息技术、金融服务等领域，都有巨大的成长潜力和广阔的发展空间。A股面临20年来第四次重大投资机会低买高卖，盈利之道。大道至简！投资股票亏钱的根源在于投资者的贪婪与恐惧，导致高买低卖。在大盘处于高位时，大部分投资者明知道大盘高了、有风险了，但是出于内心的贪婪，做个短线，先买入，期望涨起来卖给另一个更大的傻瓜，结果反倒由于高买被套牢；在大盘位于底部时，投资者又出于恐惧，又想做个短线，期望先卖了等跌低了再买回来，结果就是低位卖出，最终造成亏损。其实，投资者想要做到低买高卖在股市中盈利，并不需要大智慧，但是投资者需要懂得舍得，需要客观冷静地判断股市到底是处于高位还是低位。立足长远，投资中国股市。当前中国股市面临20多年来第四次重大投资机会。自1990年至今，中国股市共出现三次重大投资机会。第一次是1990年12月上证指数95点，到1993年2月的1558点；第二次是1994年7月上证指数325点，到2001年6月的2245点；第三次是2005年6月998点，两年半时间冲高至6124点。物极必反，天道轮回。毫无疑问，当前是中国股票市场第四次重大投资机会的酝酿发展阶段。可以预见，随着大盘的上涨，精选以换股模式并购重组股票、高股息的蓝筹股、股票分级基金、可转换债券等都会给投资者带来非常丰厚的投资回报。 (作者系恒丰泰石(北京)资本管理公司总经理)（.证.券.时.报.网）,可遇难求 A股再现重大投资机会,股东,苏泊尔,1
2703,不经历风雨没有彩虹啊,不经历风雨没有彩虹啊,None,钱江水利,1
2704,医药生物指数（000808）已经涨到年限6407点，基本面很好的智飞生物为何离年线（25.48）还有13%的差距！智飞超跌，还在坑底！不买更待何时？,医药生物指数大涨，为何智飞不涨？！,None,智飞生物,0
2705,好好观察,持有山高股，需要把握好商机，见利就扔，才能挣钱,None,山东高速,1
2706,您说他是散户，散户能发这种（高水平的）帖子吗？您说他是庄家，他有必要“图文并茂”地扛自己进医院“抢救”吗？总之，他套得不浅，什么时候他割肉了，长青就涨了。,您怎么看江门股友？,股东,长青股份,2
2707,咋看孙亮也不是个优秀经济人物！,咋看孙亮也不是个优秀经济人物！,None,山东高速,2
2708,垃圾股。,垃圾股。,None,长青股份,0
2709,等着看吧,只要有必胜的信念。在山高股上就能获利,None,山东高速,2
2710,大家都涨疯了。你丫的傻比，我都不知道说你什么好。气的我快吐血了。,王八蛋就是王八蛋,股东,万邦达,0
2711,慢慢玩,跟着山高走没错,None,山东高速,1
2712,我是庄，今天我不入市，看你们怎样走。,庄家有话说,None,锦江股份,2
2713,尼玛,超级垃圾,None,青海华鼎,0
2714,调整结束QF稳步加仓，受惠产品价格不断上涨，享受政府土地补贴！吉化是酒中的茅台、医药中的片仔癀！新技术新材料，利好不断，开创化纤行业的新革命！,调整结束稳步加仓，吉化是酒中的茅台、医药中的片仔癀！,None,吉林化纤,2
2715,奶奶的,老子割肉走人了，居然还有人在耗,股东,亿阳信通,0
2716,"300130，不多说了 ，创业板暴跌,泥沙俱下，业绩自己看，题材自己找","曝光翻倍黑马,底部横盘1年多 股东人数减少38%",None,宝莱特,2
2717,死股一只，没有希望,顺势而为方为王道，当前唱多真没有必要。,股东,亿阳信通,2
2718,还会涨回去地！,没事，挺住朋友们！,None,杭锅股份,1
2719,买进刚开始启动还未大涨的股，000677恒天海龙！补涨随时开始！演绎3月初的大涨行情！,华能国际一轮升势已到头，抛出换股！,None,华能国际,0
2720,小单托，大单卖，真是出货了。,小单托，大单卖，真是出货了。,None,吉林化纤,2
2721,会有很大的回报，别卖！！,华能国际是个好股，大家不应该做空卖出，捂盘捂盘别卖,None,华能国际,1
2722,红尘白浪两茫茫，忍辱柔和是妙方，到处随缘延岁月，终身安分度时,这股的朋友来一下吧,None,广宇集团,2
2723,专家估计华能全年2014年每股收益要超1.5元啊,专家估计华能全年2014年每股收益要超1.5元啊,None,华能国际,2
2724,东诚药业不需任何利好，借用医药行业前景，前期投入进入收获期，起码还有基本面、小盘股、吸金力十足，其他的…你懂得！,东诚药业不需任何利好，借用医药行业前景，前期投入进入收获期，起码还有基本面、小盘,股东,东诚药业,2
2725,庄家你就给老子装，看你能装多久。,装B,None,首旅酒店,2
2726,千手大单即将买入了，往上看涨停了！,千手大单即将买入了，往上看涨停了！,股东,东诚药业,0
2727,主力开始出货,主力开始出货[胜利][胜利],None,抚顺特钢,2
2728,研报日期：2014-07-28投资要点：投资建议：维 持增持。业绩低于预期。豌豆蛋白放量确定性提升，持续的营销投入有助粉丝产能消化逐步好转。下调2014-15 年EPS预测至0.45、0.66 元（原0.52、0.76 元），参照可比公司，给予2015年25 倍PE，下调目标价至16.6 元（原17.3 元），维持增持。业绩低于市场预期。H1 收入、归母净利润增109%、136%，EPS0.14元；Q2 收入、净利增129%、73%。剔除贵金属交易收入H1 主营收入增57%（贵金属交易毛利率0.6%，对净利润影响很小）。公司预告三季报净利增25-65%。业绩低于预期，主因粉丝增长情况低于预期。豌豆蛋白增长趋势良好，目前生产线已满产、全年蛋白业务放量确定性提升。H1 豌豆蛋白收入增长158.4%，预计高端销量4000 吨、低端2000 吨，增长趋势良好。销售商品收现/收入为1.1，进一步印证蛋白订单的真实性。目前公司豌豆蛋白生产线满产，预计下半年日产量50-55 吨，全年高端豌豆蛋白销量有望达1.2-1.3 万吨。H1 粉丝增速较慢属正常现象，预计未来营销投入效果会逐步显现。H1 粉丝收入4 亿、增3%，销售材料（主要为淀粉）收入1 亿、增222%，显示粉丝产能消化一般，由于公司刚开始重视营销投入，我们认为短期增速较慢属正常现象。未来随着公司双品牌战略（高端树立品牌形象、低端抢占市场）持续推进、加大商超铺货，粉丝业务有望实现快速增长。预计2014 年粉丝收入增5%，2015 年达10%以上。核心风险：粉丝销售低于预期；豌豆蛋白产能投放低于预期。[国泰君安证券股份有限公司][点击查看PDF原文]提示：本文属于研究报告栏目，仅为机构或分析人士对一只股票的个人观点和看法，并非正式的新闻报道，本网不保证其真实性和客观性，一切有关该股的有效信息，以沪深交易所的公告为准，敬请投资者注意风险。,2014年中报点评：豌豆蛋白放量确定性提升查看PDF原文,研报,双塔食品,2
2729,坏人，还能不能好好做股票了,这是要闹哪样,None,抚顺特钢,2
2730,东方财富已经启动，上海钢联紧跟,东方财富已经启动,None,上海钢联,2
2731,垃圾垃圾垃圾狗屎狗屎狗屎！远离垃圾狗屎股！银鸽投资坑你木商量啊！,垃圾垃圾垃圾狗屎狗屎狗屎！远离垃圾狗屎股！银鸽投资坑你木商量啊！,None,银鸽投资,0
2732,底部已经形成，大幅上攻就在眼前。呵呵！,底部已经形成，大幅上攻就在眼前。呵呵！,None,上海钢联,1
2733,迅速逃顶。。。只跟跌不跟涨 不会有机会翻身 即将跌破翻绿,迅速逃顶。。。只跟跌不跟涨 不会有机会翻身,None,标准股份,0
2734,连续几天在2个点之内大单压盘，大单托盘，看下午还压不压的住。,压了一上午，看下午压不压得住,None,天马精化,2
2735,换股，宏图估计还要磨很长时间，过段时间可能还是这个价，或许还会低一点,换股，宏图估计还要磨很长时间，过段时间可能还是这个价，或许还会低一点,股东,宏图高科,0
2736,卖出创业板，转战蓝筹股。,卖出创业板，转战蓝筹股。,股东,东方国信,0
2737,我是一个兵，紧握手中枪，冲锋号一响，杀敌上战场。,我是一个兵,股东,福建高速,2
2738,真玩不成了，大盘涨这样，这股还跌，清仓走人！！！,真玩不成了，大盘涨这样，这股还跌，清仓走人！！！,股东,博彦科技,0
2739,占稳2.35，就有戏,占稳2.35，就有戏,None,福建高速,2
2740,买,榕泰牛市开启，目标6元以上，大家发财了,股东,广东榕泰,2
2741,如题,我就认死理，保险公司啊，长线持有，低位吸货,None,福建高速,2
2742,跌！还要跌！,跌！还要跌！,None,宝馨科技,0
2743,审查，还是双规了？？？,打听打听！！,None,青岛碱业,2
2744,？,谁能告诉我为什么这股会这个样子？,None,太化股份,2
2745,下午肯定补长,现在卖的都是2比,None,巢东股份,1
2746,牛逼,3千手就能压住。,None,金鹰股份,2
2747,还不如银行股,涨一分真难啊,None,巢东股份,2
2748,传媒板块不缺故事，基本面又不错。廉价的筹码再抛了，就太可惜了。半年后会有一种“暮然回首，股价就在脚底下”的感觉。那时候就伤心了,传媒板块不缺故事，基本面又不错。,None,中文传媒,2
2749,"发行时资料摘要：根据浙江省国有资产管理局浙国资企[1998]42号文批复，按照65%的比例，折为国有法人股12,390万股投入本公司，由民丰集团公司持有，其他发起人持有股票110万股，同时拟向社会公开发行社会公众股5,200万股。",浙江国资国企改革方案肯定也快出台了，民丰也是国资控股的！,None,民丰特纸,2
2750,"6000036的30个月均价11.25元,也就是说2年半内买入的都套着,2013年最高15.58元","60000362年半内买入的都套着,2013年最高15.58元",None,招商银行,2
2751,"这么好的行情停牌,董事会脑子进水了!","这么好的行情停牌,董事会脑子进水了!",None,金山股份,2
2752,公告也没一个，无缘无故，随心所欲，哎！！！,公告也没一个，无缘无故，随心所欲，哎！！！,股东,中国医药,2
2753,"现在炒的就是超级大盘股,金山干紧增发吧","现在炒的就是超级大盘股,金山干紧增发吧",None,金山股份,2
2754,收藏本帖 回复主题2014年07月28日 02:00 证券日报    我有话说(113人参与) 收藏本文——对我国巨量资金进入股市实现资本增值的改革建议本报记者 谢镇江 梅绍华编者按：中国股市大盘长期低迷有多方面的原因，就目前状况而言，虽然在发行制度、信息披露、市场监管等方面存在着许多需要不断改进的问题，但其根本问题是由于缺乏主力资金源源不断地进入所致。这么多年来，中国股市以散户投资者用其辛苦积攒的资金汇聚成河，成就了世界第二或第三大的股票市场。但是本该同时进入股市的部分养老基金、企业年金，包括我国特别设置的住房公积金、公共维修基金等却在部门利益和早已过时的法规阻碍下按兵不动，死呆在那里养成懒老虎、胖老虎，养肥了一批利益攫取者。本报今天刊发长篇记者述评，并将就此展开连续报道，深入分析这种拿着10万亿元不当钱的奇怪现象是如何产生的，并大胆提出一些有针对性、可操作的改革建议，希望得到读者的关注。近年来，我国股市大盘持续低迷，与中国宏观经济运行态势形成了明显背离，对我国的改革发展产生了负面作用，使公众财富蒙受巨大损失。实体经济是一个国家的基础经济，但实体经济是否有活力，有没有发展的动力，并不完全依赖于实体经济本身。发展实体经济，必须迅速提振股市，繁荣和发展股市。记者调研发现，我国提振股市有一手好牌。当前我国物价总水平基本保持稳定，外汇储备居世界第一，物资储备丰富，特别是有可以进入股市的巨量资金。简单计算如下资金合计超过10万亿元之巨：基本养老保险基金累计结存3.1万亿元、住房公积金余额3.2万亿元、社会保障基金1.2万亿元、公共维修基金1万多亿元、企业年金6300多亿元。此外，还有1.5万亿元险资可以入市。10万多亿元巨量资金为什么不能注入股市获得正收益，不能在资本市场发挥应有作用？原因有三：一是由于历史原因，受部门利益的影响，这些巨量资金被分割在众多的部委、地区之间，切断了与资本市场的有效连接。二是一些部门没有担当的勇气，宁可采取保守的投资策略，将这些资金存入银行获取低收益的利息，也不愿承担责任进行投资取得更高的收益。三是早期出台的一系列相关法律法规的严重滞后，对巨量公众资金的流动和释放造成了严重阻碍。具体来说，有五大类旧条例迫切需要修改。一是提高3.1万亿元基本养老保险基金的入市比例，尽快出台统一的养老金投资运营方案在10万亿元可以入市并且应及时投入资本市场的资金中，数额巨大的是基本养老保险基金。从1991年设立社保基金以来，我国先后颁布了近10项相关法规，这些法规高度重视收缴、支付，但对于结存运营、保值增值方面的规定却十分落后。虽然近年来我国社保基金投资管理立法工作加速推进，曾经公布实施了《全国社会保障基金投资管理暂行办法》和《全国社会保障基金境外投资管理暂行办法》，解决了全国社保基金投资运营的法律依据问题。但是更为庞大的地方社保基金投资运营立法工作进展缓慢，没有专门的地方社保基金投资运营的法规，而既有的各种社会保险基金管理条例还把社保基金的投资严格限定在银行存款和购买国债两个途径上。从现行制度看，我国相关的法规规定对地方五大社会保险基金(养老、医疗、工伤、失业、生育)进行专户管理，社会保险基金只能用于存入银行和购买国债，不得进行其他任何形式的直接或间接投资。全国各地基本都是按照上述的政策规定来管理和运营地方五大社会保险基金。由于社保基金长期滞留在低收益的银行账户上，以致坊间出现了缴存社保不如买理财产品养老的糊涂算法，严重打击了群众参加社保的积极性，不同程度地影响了社保政策的推广和实施。有数据统计，2003年起，全国社保基金(与地方社保基金是两种管理体系)开始投资股票和证券投资基金，社保基金投资股市比例最高为40%，实际目前比例大致为30%，股票投资收益贡献率约50%，年均投资收益率8.29%，而基本养老金的投资仅限于银行定期存款和国债，银行存款占90%以上 ，十多年来，年均收益不到2%。从长远看，养老金进入股市是必然趋势。就养老金而言，与通胀水平相比过低的收益率，使得保值增值的压力越来越大，现实要求养老金不断开辟新的投资渠道。股市作为一个重要的投资场所，在规模和流动性等方面的优势明显，应当是优先考虑的渠道之一。就股市而言，其发展也需要接纳各种不同类型的投资，尤其是养老金这种追求稳健的长期资金，对股市健康发展有长远积极效应。目前股市经过多年下跌，正处在低位，投资价值已经显现，正是养老金入市的好时候。在这方面，广东省进行了有益的探索，并取得了良好的效果。广东省政府将1000亿元养老金(即地方养老基金)委托给全国社保基金理事会投资运营，两年来累计投资收益接近百亿元。我们认为，在全国推广“广东经验”的时机已经成熟。建议扩大运用这种委托投资方式，加大投资规模，并增大在股市的投资比例。二是唤醒沉睡的3.2万亿元的住房公积金，尽快修改《住房公积金管理条例》住房公积金在资金使用效率方面的问题更加突出。现行《住房公积金管理条例》是1999年4月份发布的。2002年对该条例进行了首次修订。2012年和2013年住建部均提出在当年度内完成《住房公积金管理条例》“草案稿”的修订工作，并上报国务院法制办，但《条例》修订的草案稿一直未能出台。这已经是住房公积金修法连续两年推迟。近年来，全国住房公积金缴存余额稳步增长，截至2014年3月份，全国住房公积金缴存余额已高达3.2万亿元。但受现行《住房公积金管理条例》的限制，住房公积金使用效率较低、沉淀资金不断增大，投资渠道非常狭窄，只能用于银行存款和购买国债。与基本养老保险基金类似，住房公积金同样也存在统筹层次低、管理分散、运营效率低的问题，不利于实现住房公积金保值增值，迫切需要根据形势发展要求，对《住房公积金管理条例》进行修订。该条例距上次修改已经有十余年时间，很多内容已经不适应经济社会发展需要。三是用好1万多亿元公共维修基金，尽快修改《住宅专项维修资金管理办法》，并出台配套法规，实行集中托管《住宅专项维修资金管理办法》是2007年10月30日原建设部第142次常务会议讨论通过，经财政部联合签署，自2008年2月1日起施行。现实的情况是，目前我国房屋维修资金采取“分城市管理”、“分楼盘管理”、“一次性收取”、“分散使用”的方式，在业主购房时一次性收取房屋维修资金，缴存金额按照城市经济发展水平确定，缴存之后物业公司按照当地房管部门的要求存入指定银行中。当前全国多省市存在巨额公共维修基金“沉睡”的现象，造成了金融资源浪费，也给群众生活带来不便，市场上有关唤醒公共维修基金的呼声高涨。目前专门规定维修资金制度的《住宅专项维修资金管理办法》仅为部门规章，未能上升为行政法规，缺乏强制性和约束力。与公共维修基金相配套的一系列规章制度的建设严重滞后，缺乏全国统一规范的维修资金财务管理、会计核算、使用范围和行政监管的制度和标准，这是公共维修基金无法发挥有效作用的根本原因。建议各省市可以统筹维修基金账户，将资本集中托管，提高资金增值收益率。四是逐步取消6300亿元企业年金投资股市资金的比例限制这方面涉及到两个规章，即《企业年金基金管理办法》和《关于企业年金职业年金个人所得税有关问题的通知》，在执行过程中均存在矛盾和执行上的困难。人社部、银监会、证监会[微博]、保监会2011年2月12日共同颁布的《企业年金基金管理办法》明确规定，目前企业年金的投资范围主要包括三类：准现金类资产、固定收益类资产、权益类资产，且企业年金基金财产应以投资组合为单位。例如权益类资产，《企业年金基金管理办法》第四十八条第三项：投资股票等权益类产品以及股票基金、混合基金、投资连结保险产品的比例，不得高于投资组合企业年金基金财产净值的30%。而《证券投资基金运作管理办法》规定，股票型基金60%以上的基金资产投资于股票。上面提到的《企业年金基金管理办法》规定的股票和债券投资的比例与《证券投资基金运作管理办法》规定的投资比例明显不符。两个办法一个规定30%，一个规定60%，互相打架。五是进一步提高保险资金入市比例，还有近1.5万亿元险资可入市这方面涉及到的法规是《保险资金运用管理暂行办法》，该办法是2010年7月30日以中国保险监督管理委员会令2010年第9号发布的。2014年4月4日保监会发布了《关于修改〈保险资金运用管理暂行办法〉的决定》，对旧法《保险资金运用管理暂行办法》进行了修订，新办法自2014年5月1日起施行。保监会今年2月19日发布《关于加强和改进保险资金运用比例监管的通知》，系统整合了现行监管比例政策，其中规定投资权益类资产、不动产类资产、其他金融资产、境外投资的账面余额占保险公司上季度末总资产的监管比例分别不高于30%、30%、25%、15%。这是继保险资金获准投资创业板上市公司股票、历史存量保单可投资蓝筹股后，险资入市再获松绑。将保险资金投资股票等权益类资产的比例上限由25%提高到30%。权益类资产包括股票、股票型和混合型基金、权证等。此前保险资金投资权益类资产最高不得超过25%，这意味着保险公司可将更多的资金投入股市获取收益。《通知》规定了监管细节和比例。根据保监会发布的数据，2013年保险资金运用余额为76873.41亿元，其中10.23%是投资于权益类资产。据此估算，险资入市比例由原来25%提升至30%后，还有近1.5万亿元险资可入市。通过分析上述五个方面的旧条例对资金进入股市的制约的弊端，记者发现这些法规有四个方面的共性：一是强化和固化部门的权力和利益，动辄上万亿元的资金，往往是由小部门、甚至少数人管控。二是这些部门发布的各种文件、管理办法，有浓厚的行政化色彩。多年未根据形势的变化进行修改，没有与之相应的配套法规，造成执行困难。三是缺乏透明度，没有定期公开损益情况。很多数据从未公开过，特别是损益不公开。以《住宅专项维修资金管理办法》为例，16年来，全国各地依据原建设部的《办法》，相继出台了各城市公共维修基金归集、管理、使用的实施细则。然而，至今尚未建立起对公共维修基金的统计监测系统，住建部甚至表示并不掌握该项资金的全国归集总量。四是无人对资金未来保值增值负责，缺少市场化运作。比如住房公积金使用效率极低，沉淀资金不断增大，投资渠道非常狭窄，只能用于银行存款和购买国债，收益率很低，甚至跑不赢通货膨胀率。可能有不少人担心，这些巨额资金都是老百姓的养命钱，如果部分进入股市，万一出现亏损怎么办，风险如何处理？记者认为应该这样看：首先，这10万亿元的资金入市，并不是说立即、或者全部进入股市，而是稳妥、逐步、分批地进入股市，不断提高入市资金的比例，给予市场明确的投放预期。其次，国外有成功经验可循。从国际经验看，像美国实施401K计划，大量资金投入股市后，这些年在推动道琼斯指数从1000多点一直升到现在17000多点过程中，401K发挥了重要的作用。世界上还有英国等许多国家让养老金等进入股市也都取得了不菲的收益。第三，中国股市经过多年的调整后，现在的平均市盈率都很低，是股市低点，已经出现了一批到达安全边界的蓝筹股，特别是一些国有大银行股价已经低于净资产了，应该说，现在这些资金进入股市风险不是很大，是入市的好时机。目前，证监会已经出台《优先股试点管理办法》，为10万亿元公众资金进入股市创造了条件。从另外角度看，目前这10万亿元存放在银行、或买国债，每年收益极低。若不改变现在这种保守的、被动的资金管理方法的话，只会导致这些资金慢慢被销蚀掉，不主动地去保值增值才是真正最大的风险。为此，我们提出以下三点建议：一、给予明确的市场预期，每年让5000亿元资金入市为此，相关部门可做出确切的承诺，让这10万亿元分步骤、稳妥积极地参与我国资本市场，建议每年从10万亿元资金中拿出5000亿元入市，我们相信，有了这个明确预期，可以部分消除市场的不确定性，我国股市将会为之一振。同时，虚拟经济的提振一定能带动实体经济的稳步发展。通过资本市场的活跃与繁荣，通过资本市场对消费需求、消费活力、消费信心的提升，能够有效激活实体经济的内生动力和发展动力。资本市场是信心市场，也是预期市场。美国金融危机后，美国股市一落千丈，美联储通过量化宽松的货币政策，给予资本市场明确的市场预期。在金融危机期间，美国每个月投放股市几百亿美元，并把这一消息提早公告。有了这一明确的预期，投资者信心重新树立起来，股市很快好转。以2008年金融危机之后的2009年至2013年为例，美国道琼斯工业指数增幅高达58.9%。2013年美股升幅更高达30%，股指创下历史新高。自2008年金融危机以来，美联储先后推出了三轮量化宽松货币政策，美国股市从2009年初开始走出低谷，在年线上走出五连阳，今年以来则继续上涨，并屡创新高。从2009年初的最低点6469点算起，到今年6月27日收盘，道琼斯指数已上涨了161%，标普500指数和纳斯达克[微博]指数则分别上涨了194%和246%。股市的表现与流动性成正相关的关系。也就是说，资金面越宽裕，股市的表现就越强。但今年以来美股新高不断，却是在第三轮QE政策逐步退出的背景下出现的。去年12月份，美联储正式打响QE退出战，表示从今年1月份起逐月削减购债规模，1月份购买规模从原来的每月850亿美元缩减至750亿美元(相当于美联储的印钞机每月少印100亿美元)。到6月18日，美联储已决定将月度购债规模从450亿美元继续缩减至350亿美元。美联储这样再次给予市场明确预期，从而保证了股市和汇率的稳定。当前，我国经济面临着明显的下行压力，国内外政治经济社会形势异常复杂，股市的长期低迷，严重地影响了参与资本市场的6700万股民、几亿百姓的生活和信心。因此，必须要给予股市明确的市场预期，高度重视股市、迅速提振股市，让股市走出长期低迷的窘境显得十分迫切。需要强调的是，巨量资金入市，不是满足资本市场的资金饥渴，而是让这些巨量资金保值增值，同时消除寻租腐败的温床。二、实行基金化管理运营中国资本市场，主要体现在股市的建立，不仅解决了庞大的国有企业改革的难题，同时还使五大国有银行由危困状态，一跃进入世界上最稳固和赚钱的银行之列。特别是中国资本市场尽管有很多诟病，但是毕竟树立了“三公”原则，比起股市上的各种基金，一些政府部门管理的住房公积金、公共维修基金等均可视为“暗箱”操作。适度放宽市场化的投资范围、实施多元化投资是我国保险基金投资方式的最佳选择之一。市场化管理的主要目标，就是优化社会保险基金配置。实行社会保险基金市场化运作，通过社会保险基金机构投向多元化获得较高回报率，保证基金保值增值，加快基金积累，提高人们福利，而且有利于促进资本市场的完善。社会保险基金投资营运机构可以按照委托—代理关系由基金保管人、委托人、基金管理机构及基金经理组成。凡是符合社会保险基金管理人资格条件的均可以参与投标，并承担基金管理人的责任，签订投资委托运营协议，明确双方应承担的责任与风险。需要强调的是这些资金进入资本市场，除了实现保值增值的目的外，还能体现了公开、公平、透明的原则。因为，尽管中国资本市场还有这样那样的问题，但经过这些年的治理，相对于其他的投资渠道，中国股市总体上还是最公平、信息最公开、定价公允、透明、受公众监督的重要投资渠道。同时，也是避免出现腐败较理想的投资标的。三、做好顶层设计改革考虑到这些巨资既涉及到人力资源和社会保障部、住房和城乡建设部、卫生计生委、社保理事会、央行[微博]、国资委[微博]、证监会、银监会、保监会、国家税务总局[微博]、法制办等众多部委，又涉及到全国各级地方政府。因此，将这些资金与资本市场进行有效的衔接，需要从更高的宏观层面上进行统筹规划、周密研究，而不仅仅是哪一个部门的事情。因此，必须以更大的勇气和智慧，突破利益集团的藩篱，全面深化改革，做好顶层设计，做好统筹部署。据万博经济研究院测算，若上证综指从当前的2000点上涨到4000点，我国股市的流动市值将增加20万亿元，由此带来的新增民营企业投资能力和居民消费潜力在4万亿元以上。在长达7年的超长期下跌后，中国股市蕴含了极大的合理上涨空间，尤其是大量优质蓝筹股，不仅股价跌破净资产，市盈率低于10倍，而且股息率早已远远超过定期存款利率。在这种背景下，让10万亿元资金入市，应该说风险不大，而且有成熟的国际经验可循。此举还有利于提高中等收入家庭的财产性收入，有利于确保今年和更长时间经济增长目标的实现。(作者：谢镇江为证券日报社社长，梅绍华为证券日报社副社长),天津股友： 媒体称高层有一手好牌 10万亿资金可进入股市,None,中国医药,2
2755,二八轮换。,调仓换股,None,美罗药业,0
2756,自己把握好,通过这一段的观察，山高股票还是可以的,None,山东高速,1
2757,此股有创历史新高的能力,此股有创历史新高的能力,股东,湘电股份,1
2758,亲，大盘都这样了你是怎么了……,亲，大盘都这样了你是怎么了……,股东,开创国际,0
2759,正宗沪港通概念股小盘股，A股2亿股不到，1.92亿股，（备注：4.2股被银行冻结）资源股（煤炭，硅铁，电石，羊绒，硅锰合金等）快复牌，,600295 正宗第一沪港通概念股,股东,鄂尔多斯,2
2760,大盘好的时候他不会拉，他要看看有没有资金在关注。相反大盘不好他也会护盘。就赌消息够不够劲爆，有什么文章在里面。,呵呵，庄股就是这样。,股东,美罗药业,2
2761,.,这就是靠制造虚假题材来拉抬股价的最终后果，走吧。,None,波导股份,2
2762,"发改委：正在酝酿和修改相关政策 大力支持环保产业07-28 09:11 来源：中国广播网央广网北京7月28日消息(记者杜希萌)据中国之声《新闻和报纸摘要》报道，发改委表示，正在酝酿和修改相关政策，大力支持环保产业。14-07-28在贵州怀仁名酒工业园区，一家来自广西的水务公司作为第三方机构承担了园区的治污工作。今年以来，以往小酒厂偷排的情况不见了，工业园区排污达标率从70%提高到99.7%。项目负责人何艳兵认为，这得益于政府对于第三方治理的支持，让他们可以发挥专业优势：“小酒厂他就是建了污染设施，但是也不能正常运行，一个是技术问题，第二个他的公益针对性都不是很强。”在环保部科技标准司副巡视员胥树凡看来，第三方治理正是政府推动环保产业发展和环境治理升级的双赢之道。从今年的趋势看，环保服务的发展速度高于环保产品：(我们在)在湖南、四川等地都进行了试点，在推动环保产业发展的政策机制上都取得了一些效果，现在,环保服务业发展是年增长30%左右。”目前环保部正在起草《关于做好政府购买环境公共服务的指导意见》，国家发改委也在加快制定有关第三方治理及相关环保产业政策的修改。发改委环资司副司长马荣表示：“继续加大环保产业发展支持力度，加快改革进程，完善财税，金融，投资等相关政策的支持，第一批改革措施，今年内就会发布。”清华大学经济管理学院教授李稻葵认为，国家不断加大对绿色环保产业的投入，正是着眼现在，呵护未来的举措：“这篇文章做好了，不但能够保增长，而且能够带来环境效益。”",发改委：正在酝酿和修改相关政策 大力支持环保产业07-28 09:11 来源：,None,中电远达,2
2763,大盘涨2.47％波导你涨多少　，太能装逼了吧！！,大盘涨2.47％波导你涨多少　，太能装逼了吧！,股东,波导股份,1
2764,据传中铝正在并购广西有色，正出方案，有谁知道？,求证,None,ST南化,2
2765,装逼犯迟早要完蛋，走了不跟这小王八庄玩了,装逼犯迟早要完蛋，走了不跟这小王八庄玩了,股东,波导股份,2
2766,大家都捂着庄家怎么拉？只怪这股太给力！,大家都捂着庄家怎么拉？只怪这股太给力！,股东,生益科技,1
2767,这波导好象死人一样躺着不动,这波导好象死人一样躺着不动,股东,波导股份,2
2768,买进刚开始启动还未大涨的股，000677恒天海龙！补涨随时开始！演绎3月初的大涨行情！,不买已处顶部的金地集团，去恒天海龙！,None,金地集团,2
2769,真牛比,大盘这牛，中纺我到198元也不准备卖啦,None,中纺投资,1
2770,暂时的回调是很正常的。,坚持,股东,动力源,1
2771,888888888,放量大涨爽啊？？,股东,上海机场,1
2772,卖掉华胜的人还是回家睡觉好了！想想华胜后面可能发生的大事件你还卖不卖？这几个方面也是考虑卖不卖的因素：题材！行业前景！华胜在行业中的地位！华胜的股价！,卖掉华胜的人还是回家睡觉好了！想想华胜后面可能发生的大事件你还卖不卖？这几,None,华胜天成,1
2773,2011年极其火爆的钼镍矿题材如今已王者归来，公司与投资者都要顺势而为，紧跟市场炒作方向,天成只要有钼镍矿公告加持，重返25.5指日可待,None,天成控股,1
2774,如果我卖了，你就涨，我就卖了，不然看着难受，浪费时间,大盘涨52.88，你不动，我卖了，全卖出,None,亚星客车,2
2775,在互动平台上你不是口口声声要维护全体股东利益吗？那就请公司及时发布钼镍矿有关消息，否则股东们有权打电话向公司施压,钼镍矿概念如火如荼，李董啊你是否向潘某请示发个钼镍矿公告？,None,天成控股,2
2776,大盘涨那麽多，你丫的怎么就不动呢！,大盘涨那麽多，你丫的怎么就不动呢！[不赞][不赞],None,紫江企业,2
2777,我的17元进的，然后就一直再哭,我的17元进的，然后就一直再哭,股东,三一重工,0
2778,大盘涨了这么多，海泰有很大的补涨空间，没想到主力还一直打压。佩服啊！！只好再全仓死捂了。 这是最有效的赚钱之一。其他股票涨了太多按了不安全,大盘走牛是正常，本以为海泰会被逼补涨，现看还得捂,股东,海泰发展,0
2779,会不涨停，每天涨个5%-8%。。。,会不涨停，每天涨个5%-8%,股东,三一重工,0
2780,,潘国琪这头肥猪又开始明目张胆推荐股票了。。,None,奇正藏药,2
2781,怎么都没有成交量！大家都在等待什么呢？,怎么都没有成交量！大家都在等待什么呢？,股东,中电远达,2
2782,555,被套此股中悲哀呀,股东,千方科技,0
2783,草！真牛逼！这都能涨！,草！真牛逼！这都能涨！,股东,中电远达,1
2784,002373基金重仓股，大盘连续上涨，该股连续下跌，散户相互残杀，基金损失严重,002373:基金按兵不动，坐看散户相互残杀,None,千方科技,2
2785,大盘疯涨几天，这货还没睡醒！！！,太萎了！,None,中电远达,2
2786,文总的微刺激见效了！再接再厉！收购一个手游公司，再收购一个互联网大数据公司玩玩，来个震撼性的效果！文总霸气！跨行业跨国界的大干一场！所有股东支持文总！,文总的微刺激见效了！再接再厉！收购一个手游公司，再收购一个互联网大数据公司玩玩,股东,*ST合泰,1
2787,页岩气龙头永泰能源打开涨停给了很好的买进机会?(2014-07-28 11:44:18) [编辑] [删除]今日页岩气龙头600157永泰能源打开涨停，后下跌百分之六，给了很好的买进机会。刚刚四千万股再次封上涨停。该股估值偏低。短期有上攻四元以上的潜力，今日低点3.11元若到4元，震升幅度29%左右。因初步估算其勘查区页岩气储量两千亿立方米。该项目获得重大进展。大大提高其估值空间。该股对中线应看高五块到六块。激情波段王提示。风险自负。,页岩气龙头永泰能源打开涨停给了很好的买进机会?(2014-07-28 11:44:18) [编辑] [删除],股东,西藏珠峰,1
2788,大盘如此强势，此票几年未被炒过，股价又如此低，进场的机构还不趁中的做一把，真是笨到家了。这样的低能儿怎么成为控盘手的！机构的老板也是是个超级低能儿！,从没见过个这么笨的庄,None,大连三垒,2
2789,现在仍然持有2300股,原来持有2300股，成本2.385，现在成本降低了1毛多钱。,None,莲花味精,2
2790,忐忑啊  怎么办求高人指点,求高人指点,None,抚顺特钢,2
2791,摩根大通增持华电国际791万股 耗资3503万,摩根大通增持华电国际791万股 耗资3503万,None,上海电力,2
2792,果然如我所料，连个几分都涨不动 大盘爆涨也是结果翻绿。。。多待一天多套一回,果然如我所料，连个几分都涨不动 大盘爆涨也是结果翻绿。。。多待一天多套一回,None,标准股份,2
2793,习近平说加大核电建设！详见文章！,习近平说加大核电建设！详见文章！,None,上海电力,2
2794,周线是双金叉。两种走势，一种突破颈线回踩，然后逼空。一种明后天诱空回踩再逼Kong。不要对中报寄语厚望了，没什么好消息，因为按照上交所规定大幅预增是要提前20天预告的。战友算算8.8还有几天？请战友交流谢谢,战友注意,股东,*ST新业,2
2795,上海电力你这样萎靡不振你妈妈知道吗？,上海电力你这样萎靡不振你妈妈知道吗？,股东,上海电力,0
2796,国栋建设主力就是这样不断忽悠的,真有那么多卖出盘子和买进盘子吗？全是假的忽悠散户而已,股东,国栋建设,2
2797,又没融卷。点解你希望他大跌？？？,又没融卷。点解你希望他大跌？？？,股东,*ST南钢,2
2798,"大家别轻易下车,想想5.65进去的主力并没有走啊!","民营银行有望接力领涨,红豆将是龙头",股东,红豆股份,1
2799,不过这几天涨得高了，等回调再买安全一些，明天该调整了吧？,我想买点，这股价格很低。,None,楚天高速,1
2800,掌握三大买卖规律，机动灵活的高抛低吸,1.67卖出的朋友，请及时挂1.62元的买单，做好5分的差价,None,山东钢铁,2
2801,1111,000712放量新高去了，老杨果然还在炒000712,None,博信股份,2
2802,石油加工业增长1.2倍上半年全国规模以上工业企业利润总额增11.4%2014年07月27日 11:21  中国新闻网http://finance.sina.com.cn/china/hgjj/20140727/112119830116.shtml1-6月份，在41个工业大类行业中，35个行业利润总额同比增长，1个行业持平，5个行业下降。主要行业利润增长情况：农副食品加工业利润总额同比增长4.8%，纺织业增长10%，** 石油加工、炼焦和核燃料加工业增长1.2倍，化学原料和化学制品制造业增长10.4%，非金属矿物制品业增长19.3%，黑色金属冶炼和压延加工业增长17.1%，有色金属冶炼和压延加工业增长6.1%，通用设备制造业增长13.5%，专用设备制造业增长3.8%，汽车制造业增长29.1%，电气机械和器材制造业增长25.3%计算机、通信和其他电子设备制造业增长24.1%，电力、热力生产和供应业增长24.1%，煤炭开采和洗选业下降43.9%，石油和天然气开采业下降2.3%。价值投资 上海石化 600688,石油加工业增长1.2倍,None,山东钢铁,2
2803,天理何在？？？？？杨志茂良心何在？？？？？？？？？？？？？,7月23到7月28大盘涨了100点，83跌了1.5%,None,博信股份,2
2804,它怎么还跌成那个样，怎么回事？,它怎么还跌成那个样，么回事？,None,澳洋顺昌,0
2805,我挺你新业。,虽然主力很坏，但我依旧持有。,股东,*ST新业,1
2806,利好逼人,7月30日公布半年报,None,华能国际,2
2807,四、团队兵变，电商一枝独秀成昨日美景家化电商团队2010年9月开始组建，作为家化葛氏战略的未来重心，起步早发展快。11年做了6千万，12年1.6亿，13年3亿，原计划是14年5亿，15年8亿。2013年，电商增长90%，佰草集电商占比20%，高夫为30%，被认为是国内化妆品触网的优秀范本。家化的电商很有特点，当时是用创业团队形式组建的，创业团队也出资金六百万，骨干持股白手起家以全面调动积极性，效果很好，几乎每年都翻番。谢一来，把骨干的股份全都取消，同时开始着手电商团队的清洗，第一时间给家化信息派驻副总经理，逐步架空总经理王荔扬，并最终“成功”逼走了整个电商核心团队。2013年佰草集快速发展势头被终结，线下增长只有5%，因为电商增长迅猛才达到全年二位数增长。“今年一位数增长都没有把握”，一位家化内部人士如是说。,四、团队兵变，电商一枝独秀成昨日美景,None,上海家化,2
2808,污水处理费上调武汉控股大大受益，为什么不及时公告呢？有什么猫腻？大家质问下武汉控股027-85725739，并向湖北证监局投诉！027-87460061,重大利好为什么不公告？投诉！！！,None,武汉控股,2
2809,垃圾股票一只，跑输指数了，换股走人！拜拜！,垃圾跑输指数了！,None,美尔雅,0
2810,尼玛！,祖国江山一偏红，唯有动力源戴绿帽！奇葩！,None,动力源,2
2811,小鸡长大不是梦。,这下小鸡可接长了。不再做太监。,None,黑化股份,2
2812,最爱留恋红了,最爱留恋红了[献花][献花][献花],None,红豆股份,2
2813,什么重组，什么石墨烯，都他妈的骗人，没一个说真话的，马上就要跌，马上就退市，马上就……大伙儿干嘛老想着好事儿来的？,500手出尽，总算是解套了。,None,黑化股份,0
2814,,今天不乘机走人，凶险,None,时代新材,0
2815,主力正在拉高出货，快跑！,主力正在拉高出货，快跑！,None,黑化股份,0
2816,这种价位，压抛下来的筹码，只要上証指数不破2000点，或左右，主力二个涨板都不一定能再拿得到，砸个跌停，散户都笑死了，这不是割的肉，是正宗的火蹆呀，,090。啤酒花周线一看，相信你一切都会清楚了,股东,啤酒花,2
2817,收盘时又到4.45元以下小散好醒醒了，这畜生在看你手里的牌再出，你玩不过这畜生的。,收盘时又到4.45元以下小散好醒醒了这畜生在看你手里的牌出。,None,华纺股份,2
2818,一点资金都没有，一天成交量也没有，一个上午才几百万,这股没有资金，危险性很大，能抛就抛吧,None,盛通股份,0
2819,该旅游的去旅游吧该娶媳妇的娶媳妇吧该生娃娃的就生吧该干嘛干嘛吧,都散了吧，该干嘛干嘛、、、停牌无期限,None,有研新材,2
2820,,下午谁进去把首旅拉停？,None,首旅酒店,2
2821,保你还能低位补回来。,9.6上面就抛，千万别犹豫,股东,西南证券,0
2822,上海电气红利高于银行同期利息，投资价值突显,上海电气红利高于银行同期利息，投资价值突显,None,上海电力,2
2823,跟主力抢筹码,跟主力抢筹码,None,百利电气,2
2824,大家都在骂朱恳，有没有发觉朱恳兄一来就涨，有些人是一来就跌。  我是客观的说。因为我也性朱。,大家都在骂朱恳，有没有发觉朱恳兄一来就涨，有些人是一来就跌。  我是客观的说。因,股东,棒杰股份,2
2825,没指望,股吧里唱多的拖儿真多啊,None,武汉控股,2
2826,紫光古汉(000590.SZ)发布的中报显示，今年上半年实现营业收入9397万元，同比减少46.27%;实现净利润198万元，同比减少88%;扣非后净利润为亏损38万元，同比减少102.24%。查阅半年报发现，扣除西药生产线停产拆迁的影响，公司主导品种古汉养生精的销售下滑加剧，是导致公司业绩减少的主因。紫光古汉称，上半年行业竞争环境日渐加剧，中药及保健品(主要是古汉养生精)的营业收入为7862万元，比去年中期的1.35亿元下滑了42%。这一下滑幅度超过了去年的年度下滑幅度(28%)。而自去年底子公司衡阳制药关停，古汉养生精已成为紫光古汉最主要的营收和利润来源，该品种的加剧下滑将紫光古汉陷入“造血不足”的艰难境地。一位关注公司的研究员表示，“古汉养生精在湖南本省的销售一直占据优势，但去年在该省的销售下滑超出预期;今年上半年的情况来看，本省的销售依然不乐观。省内销售不力，省外拓展艰难，这个是‘硬伤’。&quot;DZH,紫光古汉中报净利减少近9成，主导品种销售下滑加剧,None,紫光古汉,2
2827,现阶段卖出600168，除非你有能力买进更好的黑马牛股，不然的话你会后悔好几年。,600168现阶段是千载难逢的买入大机会。,None,武汉控股,1
2828,现在表面看起来很强，但是大盘超买，加上今天房产没起色，下午可能补跌，逢高出，今天002208量太小,主力错过最佳时间突破,None,合肥城建,2
2829,等吧,没有题材没有主力散户太多让我怎么涨,None,武汉控股,2
2830,,A股强势拉升！抓住最好赚钱时机！抛弃淫鸽明智选择！,None,银鸽投资,1
2831,如题,上周五买得好爽，这周突破上去，涨停,None,华芳纺织,0
2832,大家都还在觉得高兴吧，因为今天上午涨了，那么上午就是出货的好时机，下午跳水表演你是当看客？还是。。。。。。。,你还在犹豫吗？？,None,东方创业,2
2833,垃圾啊，垃圾,气死我了！！！,None,长春燃气,2
2834,看不下去了,看不下去了,None,中国玻纤,2
2835,58,600215管理层 经开区缺乏正确的理念,None,长春经开,2
2836,洗白白,正在唱儿歌：,None,华业地产,2
2837,就知道很多人不信，如果很多人信的话股市该关门了，俺的贴全部是在发给什么鸟庄看的，让他们继续自以为是，哈哈哈，最后市场灭掉他们,这个世界太假了，真话是没人信的，包括交易单，哈哈哈,None,铁龙物流,2
2838,10.77,10.77,None,格力地产,2
2839,那叫让庄家帮俺玩！,俺做股票，全部选基本没有活口的慢慢做！,None,铁龙物流,2
2840,。。,在出货，快闪,None,益生股份,0
2841,5.12买入算什么水平,5.12买入算什么水平,None,铁龙物流,2
2842,前期高位，缝高派发，控制风险。待有效突破8.00回抽确认时再跟进，现在要控制回调风险。,前期高位，放量滞涨,None,宁夏建材,2
2843,~~~~~~~~~~~~！,跟跌不跟涨，十足的贱货！,None,中葡股份,0
2844,看那个压盘就知道是庄家所为了，为什么这样呢想筹码呗，,国栋建设必涨理由如下,股东,国栋建设,2
2845,砸砸洗洗就到5%下了呢,二股东快来砸啊，二万八的单呢,None,中达股份,2
2846,怕散户来吃筹码故意的说明该股要飙升了知道吗,大盘越涨主力越增加筹码压盘为什么呢我来解释,股东,国栋建设,2
2847,"无亮点的国栋,必须减除枝叶,重点培育有发展前途的主业.否则难改今后的褪势.妄对众多的小股东!!!赞同的顶.",混乱的经营方向何时休!,None,国栋建设,2
2848,为什呢？,可恶的骗子啊，一买就跌。,None,南京高科,0
2849,吃多点没错,国栋建设被人吃一嘴，大叫一声好便宜的股啊,股东,国栋建设,2
2850,。。。,操你姥姥 三元股份,None,三元股份,2
2851,把握机会,但凡压盘过甚的股票都会在短期大涨买进绝不会错,股东,国栋建设,1
2852,主力刻意画图，出了一根墓碑线,主力刻意画图，出了一根墓碑线,None,乐凯胶片,2
2853,抗跌更抗涨的垃圾股，拜拜吧！,抗跌更抗涨的垃圾股，拜拜吧！,股东,国栋建设,0
2854,有色还是有色！,眉飞色舞了已经。达实原地踏步。,None,达实智能,2
2855,最后买入机会,交通银行的涨停说明混合所有制是未来的主线,股东,中国玻纤,2
2856,给力给力,时间节点到了 可以突破,None,楚天高速,1
2857,今天176太失望了，与大盘走势不相符，176又发生什么大事了？有谁能为后市指点指点，,今天176太失望了，与大盘走势不相符，176又发生什么大事了？有谁能为后市指点,None,中国玻纤,2
2858,下半年的重点龙头肯定是金融地产,下半年的重点龙头肯定是金融地产,None,青鸟华光,2
2859,目前大盘行情这么好，我代表广大南纸投资者要求立即终止此次垃圾资产重组，强烈反对注入中闽能源这个垃圾资产，强烈谴责垃圾公司福投在大盘好的时候停牌，浪费投资者赚钱机会，我们一致要求立即终止资产重组，即刻复牌。,致电福投董事会，我代表广大投资者要求立即终止此次重大资产重组,None,福建南纸,2
2860,四川无汉子,四川无汉子,None,国栋建设,2
2861,坚决卖，下午大跌！！！,出货行情，一个字——卖！,None,中国国贸,0
2862,真为中国的环保股悲哀，真为中国的环境未来悲哀,大盘都快涨完了，洪水还没赶上末班车,None,洪城水业,2
2863,终于清静了，不再闹腾喽！！！！！！哈哈哈哈哈,终于清静了,None,退市长油,2
2864,你码。今天涨一分就行了！,对洪城水业的要求不高！,None,洪城水业,2
2865,妈的，大盘，金通灵就这熊样，全抛进北化,死货,None,金通灵,0
2866,全家,基金大逃亡，唱多的狗托，，，,None,国电南瑞,2
2867,...,这也是只准银行股啊，咋就不涨呢,None,中原高速,0
2868,唐传勤宣言:不管大盘如何，我自巍然不动！,唐传勤宣言:不管大盘如何，我自巍然不动！,股东,好当家,2
2869,媒体称高层有一手好牌 10万亿资金可进入股市我国提振股市有一手好牌。当前我国物价总水平基本保持稳定，外汇储备居世界第一，物资储备丰富，特别是有可以进入股市的巨量资金。简单计算如下资金合计超过10万亿元之巨：基本养老保险基金累计结存3.1万亿元、住房公积金余额3.2万亿元、社会保障基金 1.2万亿元、公共维修基金1万多亿元、企业年金6300多亿元。此外，还有1.5万亿元险资可以入市。--对我国巨量资金进入股市实现资本增值的改革建议编者按：中国股市大盘长期低迷有多方面的原因，就目前状况而言，虽然在发行制度、信息披露、市场监管等方面存在着许多需要不断改进的问题，但其根本问题是由于缺乏主力资金源源不断地进入所致。这么多年来，中国股市以散户投资者用其辛苦积攒的资金汇聚成河，成就了世界第二或第三大的股票市场。但是本该同时进入股市的部分养老基金、企业年金，包括我国特别设置的住房公积金、公共维修基金等却在部门利益和早已过时的法规阻碍下按兵不动，死呆在那里养成懒老虎、胖老虎，养肥了一批利益攫取者。本报今天刊发长篇记者述评，并将就此展开连续报道，深入分析这种拿着10万亿元不当钱的奇怪现象是如何产生的，并大胆提出一些有针对性、可操作的改革建议，希望得到读者的关注。近年来，我国股市大盘持续低迷，与中国宏观经济运行态势形成了明显背离，对我国的改革发展产生了负面作用，使公众财富蒙受巨大损失。实体经济是一个国家的基础经济，但实体经济是否有活力，有没有发展的动力，并不完全依赖于实体经济本身。发展实体经济，必须迅速提振股市，繁荣和发展股市。记者调研发现，我国提振股市有一手好牌。当前我国物价总水平基本保持稳定，外汇储备居世界第一，物资储备丰富，特别是有可以进入股市的巨量资金。简单计算如下资金合计超过10万亿元之巨：基本养老保险基金累计结存3.1万亿元、住房公积金余额3.2万亿元、社会保障基金 1.2万亿元、公共维修基金1万多亿元、企业年金6300多亿元。此外，还有1.5万亿元险资可以入市。10万多亿元巨量资金为什么不能注入股市获得正收益，不能在资本市场发挥应有作用？原因有三：一是由于历史原因，受部门利益的影响，这些巨量资金被分割在众多的部委、地区之间，切断了与资本市场的有效连接。二是一些部门没有担当的勇气，宁可采取保守的投资策略 ，将这些资金存入银行获取低收益的利息，也不愿承担责任进行投资取得更高的收益。三是早期出台的一系列相关法律法规的严重滞后，对巨量公众资金的流动和释放造成了严重阻碍。具体来说，有五大类旧条例迫切需要修改。一是提高3.1万亿元基本养老保险基金的入市比例，尽快出台统一的养老金投资运营方案在10万亿元可以入市并且应及时投入资本市场的资金中，数额巨大的是基本养老保险基金。从1991年设立社保基金以来，我国先后颁布了近10项相关法规，这些法规高度重视收缴、支付，但对于结存运营、保值增值方面的规定却十分落后。虽然近年来我国社保基金投资管理立法工作加速推进，曾经公布实施了《全国社会保障基金投资管理暂行办法》和《全国社会保障基金境外投资管理暂行办法》，解决了全国社保基金投资运营的法律依据问题。但是更为庞大的地方社保基金投资运营立法工作进展缓慢，没有专门的地方社保基金投资运营的法规，而既有的各种社会保险基金管理条例还把社保基金的投资严格限定在银行存款和购买国债两个途径上。从现行制度看，我国相关的法规规定对地方五大社会保险基金(养老、医疗、工伤、失业、生育)进行专户管理，社会保险基金只能用于存入银行和购买国债，不得进行其他任何形式的直接或间接投资。全国各地基本都是按照上述的政策规定来管理和运营地方五大社会保险基金。由于社保基金长期滞留在低收益的银行账户上，以致坊间出现了缴存社保不如买理财产品养老的糊涂算法，严重打击了群众参加社保的积极性，不同程度地影响了社保政策的推广和实施。有数据统计，2003年起，全国社保基金(与地方社保基金是两种管理体系)开始投资股票和证券投资基金，社保基金投资股市比例最高为40%，实际目前比例大致为30%，股票投资收益贡献率约50%，年均投资收益率8.29%，而基本养老金的投资仅限于银行定期存款和国债，银行存款占90%以上 ，十多年来，年均收益不到2%。从长远看，养老金进入股市是必然趋势。就养老金而言，与通胀水平相比过低的收益率，使得保值增值的压力越来越大，现实要求养老金不断开辟新的投资渠道。股市作为一个重要的投资场所，在规模和流动性等方面的优势明显，应当是优先考虑的渠道之一。就股市而言，其发展也需要接纳各种不同类型的投资，尤其是养老金这种追求稳健的长期资金，对股市健康发展有长远积极效应。目前股市经过多年下跌，正处在低位，投资价值已经显现，正是养老金入市的好时候。在这方面，广东省进行了有益的探索，并取得了良好的效果。广东省政府将1000亿元养老金(即地方养老基金)委托给全国社保基金理事会投资运营，两年来累计投资收益接近百亿元。我们认为，在全国推广&quot;广东经验&quot;的时机已经成熟。建议扩大运用这种委托投资方式，加大投资规模，并增大在股市的投资比例。二是唤醒沉睡的3.2万亿元的住房公积金，尽快修改《住房公积金管理条例》住房公积金在资金使用效率方面的问题更加突出。现行《住房公积金管理条例》是1999年4月份发布的。2002年对该条例进行了首次修订。2012年和2013年住建部均提出在当年度内完成《住房公积金管理条例》&quot;草案稿&quot;的修订工作，并上报国务院法制办，但《条例》修订的草案稿一直未能出台。这已经是住房公积金修法连续两年推迟。近年来，全国住房公积金缴存余额稳步增长，截至2014年3月份，全国住房公积金缴存余额已高达3.2万亿元。但受现行《住房公积金管理条例》的限制，住房公积金使用效率较低、沉淀资金不断增大，投资渠道非常狭窄，只能用于银行存款和购买国债。与基本养老保险基金类似，住房公积金同样也存在统筹层次低、管理分散、运营效率低的问题，不利于实现住房公积金保值增值，迫切需要根据形势发展要求，对《住房公积金管理条例》进行修订。该条例距上次修改已经有十余年时间，很多内容已经不适应经济社会发展需要。三是用好1万多亿元公共维修基金，尽快修改《住宅专项维修资金管理办法》，并出台配套法规，实行集中托管《住宅专项维修资金管理办法》是2007年10月30日原建设部第142次常务会议讨论通过，经财政部联合签署，自2008年2月1日起施行。现实的情况是，目前我国房屋维修资金采取&quot;分城市管理&quot;、&quot;分楼盘管理&quot;、&quot;一次性收取&quot;、&quot;分散使用&quot;的方式，在业主购房时一次性收取房屋维修资金，缴存金额按照城市经济发展水平确定，缴存之后物业公司按照当地房管部门的要求存入指定银行中。当前全国多省市存在巨额公共维修基金&quot;沉睡&quot;的现象，造成了金融资源浪费，也给群众生活带来不便，市场上有关唤醒公共维修基金的呼声高涨。目前专门规定维修资金制度的《住宅专项维修资金管理办法》仅为部门规章，未能上升为行政法规 ，缺乏强制性和约束力。与公共维修基金相配套的一系列规章制度的建设严重滞后，缺乏全国统一规范的维修资金财务管理、会计核算、使用范围和行政监管的制度和标准，这是公共维修基金无法发挥有效作用的根本原因。建议各省市可以统筹维修基金账户，将资本集中托管，提高资金增值收益率。四是逐步取消6300亿元企业年金投资股市资金的比例限制这方面涉及到两个规章，即《企业年金基金管理办法》和《关于企业年金职业年金个人所得税有关问题的通知》，在执行过程中均存在矛盾和执行上的困难。人社部 、银监会 、证监会 、保监会 2011年2月12日共同颁布的《企业年金基金管理办法》明确规定，目前企业年金的投资范围主要包括三类：准现金类资产、固定收益类资产、权益类资产，且企业年金基金财产应以投资组合为单位。例如权益类资产，《企业年金基金管理办法》第四十八条第三项：投资股票等权益类产品以及股票基金、混合基金、投资连结保险产品的比例，不得高于投资组合企业年金基金财产净值的30%。而《证券投资基金运作管理办法》规定，股票型基金60%以上的基金资产投资于股票。上面提到的《企业年金基金管理办法》规定的股票和债券投资的比例与《证券投资基金运作管理办法》规定的投资比例明显不符。两个办法一个规定30%，一个规定60%，互相打架。五是进一步提高保险资金入市比例，还有近1.5万亿元险资可入市这方面涉及到的法规是《保险资金运用管理暂行办法》，该办法是2010年7月30日以中国保险监督管理委员会令2010年第9号发布的。2014年4月4日保监会发布了《关于修改〈保险资金运用管理暂行办法〉的决定》，对旧法《保险资金运用管理暂行办法》进行了修订，新办法自2014年5月1日起施行。保监会今年2月19日发布《关于加强和改进保险资金运用比例监管的通知》，系统整合了现行监管比例政策，其中规定投资权益类资产、不动产类资产、其他金融资产、境外投资的账面余额占保险公司上季度末总资产的监管比例分别不高于30%、30%、25%、15%。这是继保险资金获准投资创业板上市公司股票、历史存量保单可投资蓝筹股后，险资入市再获松绑。将保险资金投资股票等权益类资产的比例上限由25%提高到30%。权益类资产包括股票、股票型和混合型基金、权证等。此前保险资金投资权益类资产最高不得超过25%，这意味着保险公司可将更多的资金投入股市获取收益。《通知》规定了监管细节和比例。根据保监会发布的数据，2013年保险资金运用余额为76873.41亿元，其中10.23%是投资于权益类资产。据此估算，险资入市比例由原来25%提升至30%后，还有近1.5万亿元险资可入市。通过分析上述五个方面的旧条例对资金进入股市的制约的弊端，记者发现这些法规有四个方面的共性：一是强化和固化部门的权力和利益，动辄上万亿元的资金，往往是由小部门、甚至少数人管控。二是这些部门发布的各种文件、管理办法，有浓厚的行政化色彩。多年未根据形势的变化进行修改，没有与之相应的配套法规，造成执行困难。三是缺乏透明度，没有定期公开损益情况。很多数据从未公开过，特别是损益不公开。以《住宅专项维修资金管理办法》为例，16年来，全国各地依据原建设部的《办法》，相继出台了各城市公共维修基金归集、管理、使用的实施细则。然而，至今尚未建立起对公共维修基金的统计监测系统，住建部甚至表示并不掌握该项资金的全国归集总量。四是无人对资金未来保值增值负责，缺少市场化运作。比如住房公积金使用效率极低，沉淀资金不断增大，投资渠道非常狭窄，只能用于银行存款和购买国债，收益率很低，甚至跑不赢通货膨胀率。可能有不少人担心，这些巨额资金都是老百姓的养命钱，如果部分进入股市，万一出现亏损怎么办，风险如何处理？记者认为应该这样看：首先，这10万亿元的资金入市，并不是说立即、或者全部进入股市，而是稳妥、逐步、分批地进入股市，不断提高入市资金的比例，给予市场明确的投放预期。其次，国外有成功经验可循。从国际经验看，像美国实施401K计划，大量资金投入股市后，这些年在推动道琼斯指数从1000多点一直升到现在17000多点过程中，401K发挥了重要的作用。世界上还有英国等许多国家让养老金等进入股市也都取得了不菲的收益。第三，中国股市经过多年的调整后，现在的平均市盈率都很低，是股市低点，已经出现了一批到达安全边界的蓝筹股，特别是一些国有大银行股价已经低于净资产了，应该说，现在这些资金进入股市风险不是很大，是入市的好时机。目前，证监会已经出台《优先股试点管理办法》，为10万亿元公众资金进入股市创造了条件。从另外角度看，目前这10万亿元存放在银行、或买国债，每年收益极低。若不改变现在这种保守的、被动的资金管理方法的话，只会导致这些资金慢慢被销蚀掉，不主动地去保值增值才是真正最大的风险。为此，我们提出以下三点建议：一、给予明确的市场预期，每年让5000亿元资金入市为此，相关部门可做出确切的承诺，让这10万亿元分步骤、稳妥积极地参与我国资本市场，建议每年从10万亿元资金中拿出5000亿元入市，我们相信，有了这个明确预期，可以部分消除市场的不确定性，我国股市将会为之一振。同时，虚拟经济的提振一定能带动实体经济的稳步发展。通过资本市场的活跃与繁荣，通过资本市场对消费需求、消费活力、消费信心的提升，能够有效激活实体经济的内生动力和发展动力。资本市场是信心市场，也是预期市场。美国金融危机后，美国股市一落千丈，美联储通过量化宽松的货币政策，给予资本市场明确的市场预期。在金融危机期间，美国每个月投放股市几百亿美元，并把这一消息提早公告 。有了这一明确的预期，投资者信心重新树立起来，股市很快好转。以2008年金融危机之后的2009年至2013年为例，美国道琼斯工业指数增幅高达58.9%。2013年美股升幅更高达30%，股指创下历史新高。自2008年金融危机以来，美联储先后推出了三轮量化宽松货币政策，美国股市从2009年初开始走出低谷，在年线上走出五连阳，今年以来则继续上涨，并屡创新高。从2009年初的最低点6469点算起，到今年6月27日收盘，道琼斯指数已上涨了161%，标普500指数和纳斯达克指数则分别上涨了194%和246%。股市的表现与流动性成正相关的关系。也就是说，资金面越宽裕，股市的表现就越强。但今年以来美股新高不断，却是在第三轮QE政策逐步退出的背景下出现的。去年12月份，美联储正式打响QE退出战，表示从今年1月份起逐月削减购债规模，1月份购买规模从原来的每月850亿美元缩减至750亿美元(相当于美联储的印钞机每月少印100亿美元)。到6月18日，美联储已决定将月度购债规模从450亿美元继续缩减至350亿美元。美联储这样再次给予市场明确预期，从而保证了股市和汇率的稳定。当前，我国经济面临着明显的下行压力，国内外政治经济社会形势异常复杂，股市的长期低迷，严重地影响了参与资本市场的6700万股民、几亿百姓的生活和信心。因此，必须要给予股市明确的市场预期，高度重视股市、迅速提振股市，让股市走出长期低迷的窘境显得十分迫切。需要强调的是，巨量资金入市，不是满足资本市场的资金饥渴，而是让这些巨量资金保值增值，同时消除寻租腐败的温床。二、实行基金化管理运营中国资本市场，主要体现在股市的建立，不仅解决了庞大的国有企业改革的难题，同时还使五大国有银行由危困状态，一跃进入世界上最稳固和赚钱的银行之列。特别是中国资本市场尽管有很多诟病，但是毕竟树立了&quot;三公&quot;原则，比起股市上的各种基金，一些政府部门管理的住房公积金、公共维修基金等均可视为&quot;暗箱&quot;操作。适度放宽市场化的投资范围、实施多元化投资是我国保险基金投资方式的最佳选择之一。市场化管理的主要目标，就是优化社会保险基金配置。实行社会保险基金市场化运作，通过社会保险基金机构投向多元化获得较高回报率，保证基金保值增值，加快基金积累，提高人们福利，而且有利于促进资本市场的完善。社会保险基金投资营运机构可以按照委托-代理关系由基金保管人、委托人、基金管理机构及基金经理组成。凡是符合社会保险基金管理人资格条件的均可以参与投标，并承担基金管理人的责任，签订投资委托运营协议，明确双方应承担的责任与风险。需要强调的是这些资金进入资本市场，除了实现保值增值的目的外，还能体现了公开、公平、透明的原则。因为，尽管中国资本市场还有这样那样的问题，但经过这些年的治理，相对于其他的投资渠道，中国股市总体上还是最公平、信息最公开、定价公允、透明、受公众监督的重要投资渠道。同时，也是避免出现腐败较理想的投资标的。三、做好顶层设计改革考虑到这些巨资既涉及到人力资源和社会保障部 、住房和城乡建设部 、卫生计生委 、社保理事会、央行 、国资委 、证监会、银监会、保监会、国家税务总局 、法制办等众多部委，又涉及到全国各级地方政府。因此，将这些资金与资本市场进行有效的衔接，需要从更高的宏观层面上进行统筹规划、周密研究，而不仅仅是哪一个部门的事情。因此，必须以更大的勇气和智慧，突破利益集团的藩篱，全面深化改革，做好顶层设计，做好统筹部署。据万博经济研究院测算，若上证综指从当前的2000点上涨到4000点，我国股市的流动市值将增加20万亿元，由此带来的新增民营企业投资能力和居民消费潜力在4万亿元以上。在长达7年的超长期下跌后，中国股市蕴含了极大的合理上涨空间，尤其是大量优质蓝筹股，不仅股价跌破净资产，市盈率低于10倍，而且股息率早已远远超过定期存款利率。在这种背景下，让10万亿元资金入市，应该说风险不大，而且有成熟的国际经验可循。此举还有利于提高中等收入家庭的财产性收入，有利于确保今年和更长时间经济增长目标的实现。(.证.券.日.报),媒体称高层有一手好牌 10万亿资金可进入股市,股东,苏泊尔,2
2870,到底有没有庄家呀,到底有没有庄家呀,None,桂冠电力,2
2871,老于头早上范病了。,老于头早上范病了。,None,长青股份,2
2872,紫江需要奇迹!,紫江需要奇迹!,None,紫江企业,2
2873,好开始爆肚了。久盘必跌!,好开始爆肚了。久盘必跌!,None,长青股份,0
2874,注意大盘量能 对比每次调整前的量能 就会发现接下来的方向,注意大盘量能 对比每次调整前的量能 就会发现接下来的方向,None,乐凯胶片,2
2875,把这破锅卖掉，赶上蓝筹行情。,把这破锅卖掉，赶上蓝筹行情。,None,杭锅股份,2
2876,中国医药到底怎么啦？？？庄家城府太深了，还是公司有腐败，要打打大老虎？？？,中国医药到底怎么啦？？？庄家城府太深了，还是公司有腐败，要打打大老虎？？？,股东,中国医药,2
2877,中午公告东诚药业利好消息收购一家民营医院！,中午公告东诚药业利好消息收购一家民营医院！,股东,东诚药业,2
2878,今天能突破7.52的前期高点，上升空间才能彻底打开。,今天能突破7.52的前期高点，上升空间才能彻底打开。,None,洛阳钼业,2
2879,今天是最折磨人的时候！第一目标11.53元，拭目以待！,不要慌，千万拿住筹码！最后的洗盘，挺住！,None,新五丰,1
2880,大盘那么好，你怎么能错过呢,大盘那么好，你怎么能错过呢,股东,博晖创新,2
2881,GRD！,超级骗，有钱就拉！,None,皇台酒业,2
2882,赵丹阳：A股牛市快来了 混合制将是引爆点赵丹阳表示，目前A股已经进入最便宜的时候，混合所有制将是中国牛市的引爆点。素有&quot;私募教父&quot;之称的 赵丹阳 ，其市场观点一直备受业界推崇和关注。在今年的诺亚财富赤子之心上海投资策略会上，赵丹阳表示，目前A股已经进入最便宜的时候，混合所有制将是中国牛市的引爆点。在谈及宏观环境的时候，赵丹阳表示，人民币汇率长期升值的趋势还没有结束，目前中美劳动者的收入差距还有7至8倍，但两者的劳动生产效率差不多。美国所谓的制造业回归没有基本的劳动力基矗同时，长期而言，中国劳动生产效率还有提升空间，也就意味着人民币升值依然有空间。另外，政府债在内的各项宏观风险可控，目前中央政府负债20%，地方80%，属于正常水平。在市场牛熊的判断上，赵丹阳坚定指出A股牛市快来了，2000点就是A股的底部。以中国石化为例，目前P/E(市盈率)10倍多，PB(平均市净率)1倍多，是18年以来最便宜的时候，比1000点的时候还便宜。而中石化H股P/E仅8倍、PB仅0.8倍，6%的股息率，完全低估了其市值。另外，赵丹阳指出，考虑到中石化拥有3000个加油站，有一些还是好地段的加油站，这些站点就值1000亿美元(折合人民币约6156亿元)，但目前其市值只有5000多亿，存在不理性低估。市场正进入风格化转换，看好制度改革所释放的红利，混合所有制将会是牛市的引爆点。（每日经济新闻）,赵丹阳：A股牛市快来了 混合制将是引爆点,股东,苏泊尔,1
2883,不天时，地不利，人不和！这票看低到4元，绝对不是梦！,底牌就是狗庄！狗票！够股东！,None,中房股份,2
2884,今天利用指数拉高：上午长青就流出资金610万。,今天利用指数拉高：上午长青就流出资金610万。,None,长青股份,2
2885,超级控盘逼空行情，会涨得你目瞪口呆！,超级控盘逼空行情，会涨得你目瞪口呆！,股东,兰生股份,2
2886,为什么在牛市会有人赚不到钱？因为心浮气躁，别的股涨了就受不了了，就把现在的股卖了去买涨的去了，买了又不涨了（庄家洗盘），原来卖出去的股却涨了，如此下去...天大的牛市你也赚不到钱！牛市要做长线，熊市要做短线！,今天确定了牛市已经开始！必读！,None,新五丰,1
2887,,华东鸡鸡今天早上翘一下，然后又要开始漫长的阴跌了。,None,华东重机,2
2888,6.75元买了，7元出来的，今天开始回补,6.75元买了，7元出来的，今天开始回补,None,新五丰,1
2889,4月28号，就是大跌那天买的，后来就一直停牌，这个烦啊，压了不少钱。复牌以后开始涨停，就开始给自己定目标：一旦打开涨停板，立马抛出！为什么？炒股一定要规避风险，才能让利益最大化，毕竟炒股不是赌博。如果你把000555的重组就当作新股发行，你看看最近新股一旦打开涨停板，有哪个不是一路下跌的？你当庄家白痴啊，从停牌前22一直拉到快30了，还想怎么样呢？也别想着立马解套，庄家怎么挣钱，一定先反复打压，跌的让你支持不住了，他在慢慢啦，在股吧里看看，大家还都套的不深，下次长个记性：别贪婪,呵呵,股东,神州信息,2
2890,,电话说下午跌6点收盘,None,新五丰,0
2891,该涨不涨就应该看跌！！做强势股去，如军工，等,600293不涨，一定有问题是我们散户不知道的？,None,三峡新材,2
2892,如上,己到卖出时,股东,锦龙股份,0
2893,真是sb,是不是孙子大家看,None,常林股份,2
2894,"老板说,上市了,有钱干大事了.开盘关系我屁事,当然要重组!股民关系我屁事,当然要重组!股价关系我屁事,当然要重组!所以事情的发展一目了然!","要开盘还是要重组,请选择?",股东,众信旅游,2
2895,鑫富药业的几个题材 重组概念 泛酸钙 业绩暴涨,鑫富药业的几个题材 重组概念 泛酸钙 业绩暴涨,股东,鑫富药业,1
2896,啊,哈哈深深的跌，小庄对倒自砸自买,None,皇台酒业,2
2897,,买了，咋的？跌呀,None,宜科科技,0
2898,看看一些基金持有重仓股大涨。。股民们心里不痒痒？,二八时代重现，又一个轮回的到来,股东,金杯电工,2
2899,坚持！上实发展恒者恒得！,坚持！上实发展恒者恒得！,股东,上实发展,1
2900,这次环环小盘不是热点，今天微利换了强势股,这次环环小盘不是热点，今天微利换了强势股,股东,双环传动,1
2901,3.83元忙帮了,3.83元忙帮了[傲],None,江山化工,2
2902,上午卖了一半，有点后悔中。。。。,有种的，今天拉板，明天也跟大盘一样来个跳空缺口，直接新高。,None,双环传动,2
2903,应该来个涨停板,应该来个涨停板,None,友好集团,1
2904,走为上,割肉走了，大盘疯涨，这货疯跌，走为上,None,中房地产,0
2905,今天庄肯定在出货，而且出的很爽,股市有句话！该涨不涨，其后看跌！,None,通宝能源,0
2906,期待再次起飞！,000736和中粮地产一个队伍的 杀出新高 让小散大跌眼镜,None,中房地产,2
2907,哈哈，等着挨查吧,恶意控制股价，已投诉到证监会,股东,天业股份,2
2908,呵呵，屡创新低，值得期待啊，庄好强，拉涨停的票突然簖了线，飞流直下，不过不要紧，收盘后就知道了,呵呵，屡创新低，值得期待啊,股东,天龙集团,0
2909,今天的大盘的最高位，可能是近期的高点，7.67出600655。空仓休息。,今天的大盘的最高位，可能是近期的高点，7.67出600655。空仓休息。,None,豫园商城,0
2910,什么情况？已经涨够了？才4块多钱？,什么情况？,股东,厦工股份,2
2911,忠言逆耳，股价还会有下跌，很难突破5元,忠言逆耳，股价还会有下跌，很难突破5元,股东,曙光股份,0
2912,主力逆势而行，垃圾,受不了了，我走了，朋友们慢慢和主力在这耗吧,None,威远生化,0
2913,这股没出息大家也卖了吧,5.28卖了通陈，追入山西证券赚了4%真高兴,None,通程控股,2
2914,？？？？？？？？,为什么庄家散户都看不上这个垃圾？,None,禾欣股份,2
2915,24.39我相信，一定会突破的。会不会补上面的缺口就不知道！,24.39我相信，一定会突破的。会不会补上面的缺口就不知道！,None,龙大肉食,2
2916,主力终于学聪明了，知道早盘借势冲高了,主力终于学聪明了，知道早盘借势冲高了,股东,顺鑫农业,2
2917,600872,加仓/准备战斗//,None,中炬高新,2
2918,大盘涨的红红火火，你却熊瞎子叫门，熊到家了。,熊到家了,None,海源机械,0
2919,千了别涨等我明天卖了东证再涨求求你了东证今早买的现在卖不掉阿希望现在就三点了别动等我哈,亚通今天…,None,亚通股份,2
2920,本人大胆猜测：公布中报，之日就是金河见底反转之时。周二中报岀来不外几种走势：高开高走中报超预期大幅增长，不过可能较小如果大幅增长股价早就应有表现了。底开高走中报小幅增长或负增长，为啥高走？背离大盘走势只能一时久了就假了。底开底走明日挖坑开始，大盘回落趁势打压，最后一跌！最底价岀现！不管哪种走势！明日震幅一定会大！朋友们坐稳！,又到原形毕露时！,None,金河生物,2
2921,60日均线破了，你懂的,60日均线破了，你懂的,股东,亚宝药业,2
2922,"庄家!!朋友!!!帮忙压着盘,因资金缺口!2天即可...","朋友!!!庄家!!帮忙压着盘,因资金缺口!2天即可",None,金河生物,2
2923,不抱任何幻想，走人！,不抱任何幻想，走人！,None,三力士,0
2924,"内蒙古的票就是厉害!每一个股票都非常自信,自己做自己的,不受外界的丝毫干扰,不与任何板块,任何概念,任何资金挂钩,太厉害了!让人敬畏!","内蒙古的票就是厉害!每一个股票都非常自信,自己做自己的,不受外界的丝毫干扰",None,金河生物,1
2925,现在政治敏感时期，让他们尝尝操纵股价的处罚,联合全体股东向证券所举报有人操纵股价,None,三力士,2
2926,"这么多人反对金河,庄家肯定不会在近期拉升了,换位想想,被别人骂着还让别人挣钱,脑子肯定有毛病,还更让别人看不起!","这么多人反对金河,庄家肯定不会在近期拉升了,换位想想,被别人骂着还让别人挣钱,脑子肯",None,金河生物,2
2927,今天小散都很聪明，出货比主力早，如果不是大盘顶住，江淮早就深度调整了，,今天小散都很聪明，出货比主力早，如果不是大盘顶住，江淮早就深度调整了，,股东,江淮汽车,2
2928,"庄家!!朋友!!!帮忙压着盘,因资金缺口!2天即可...","庄家!!朋友!!!帮忙压着盘,因资金缺口!2天即可...",None,金河生物,2
2929,今日是历史性大抢筹,今日是历史性大抢筹,股东,龙净环保,2
2930,赶快换券商银行股,赶快换券商银行股,None,新海股份,0
2931,擦擦擦,小金属都涨停了，就这个王八蛋不行,None,华泽钴镍,0
2932,你妈的，你要做空能否找大盘下跌的时候呀？,你妈的，你要做空能否找大盘下跌的时候呀？,股东,大亚科技,2
2933,这么好的走势。你还舍得卖吗？？？,这个时候你要是卖，你就等着后悔吧。,股东,华泽钴镍,1
2934,不知错过了多少行情。,大家都被西子坑了。,None,百大集团,0
2935,六元拿不下真废物,六元拿不下真废物,None,宏达股份,2
2936,"秒男就是这样,抖一下就泄了!!","秒男就是这样,抖一下就泄了!!",None,华东重机,2
2937,大象把大便排在路中央，一只蚂蚁正好路过，它抬头望了望那云雾缭绕的顶峰，不禁唱到：呀啦索，这就是青藏高原！~~~~,呀拉索~,股东,栖霞建设,2
2938,,华东鸡鸡早上翘一下，然后又是漫长的阴跌了,None,华东重机,2
2939,快跑啊,主力流出833，主力流入531,None,红豆股份,2
2940,快跑！要向下打了！,快跑！要向下打了！,None,华英农业,0
2941,流通盘5亿多，大股东2亿多不动，盘面搞得像中石油一样，有意思吗？一个连自信都没有的主力，何谈赚钱？,600400,None,红豆股份,2
2942,肯德鸡已阵亡  肯德鸭准备上！！~,肯德鸡已阵亡  肯德鸭准备上！！~,None,华英农业,2
2943,中国股市终于迎来了火红的太阳。,逼空，既然做多，大单买进!,股东,红豆股份,1
2944,进入观察.,华英农业吧,股东,华英农业,2
2945,上午洗盘，下午拉升！李克强承诺向全球市场推荐中国云计算这是巨大的利好！,上午洗盘，下午拉升！李克强承诺向全球市场推荐中国云计算这是巨大的利好！,None,华胜天成,2
2946,总也突破不了箱 体、反弹无力、一切上拉都是为了出货、浪费行情而已,总也突破不了箱 体、反弹无力、一切上拉都是为了出货、浪费行情而已,None,上海梅林,2
2947,卖掉华胜的人还是回家睡觉好了！想想华胜后面可能发生的大事件吧！这几点也是考虑卖不卖的因素：题材；行业前景；行业地位；股价！,卖掉华胜的人还是回家睡觉好了！想想华胜后面可能发生的大事件吧！这几点也是考,None,华胜天成,2
2948,阿里巴巴九月上市，此股一定会大涨，大家耐心持股，风水轮流转，此股横盘很久，后面一定会腾飞的，阿里一上市，股票更会一飞九重天，坚持就是胜利！,阿里巴巴将要上市，耐心等待！,None,华数传媒,2
2949,关健点所在，只有量能释放出才是追进之时，不然也就是阶段性反弹而以，可惜你们错过资源股的最佳良机！,没有日成交量百分之十以上换手别想翻身。,None,华胜天成,2
2950,看看最近大盘的表现，再看看000156，再想想最近的政策出台，华数非常的不妙啊。,000156必大跌啊,None,华数传媒,0
2951,近日有些银行开始优先股（确实就是圈钱），金额达3400亿，他们要这么多干什么？抵销坏账？银行股年年大融资，可它们给投资者的回报是什么？,银行狮子大开口，啃你没商量,None,招商银行,2
2952,朋友的票都涨停了，我还被套着！人生啊。。。,朋友的票都涨停了，我还被套着！人生啊。。。,None,华数传媒,0
2953,&#183;,环保产业相关政策将出台，行业景气高涨，外资大肆扫货收购我国水务,股东,洪城水业,2
2954,不要被迷惑,挂羊头卖狗肉，不要被他迷惑了，他不是上海本地股，是昆明的公司,股东,上海科技,2
2955,短期应该能看到16元，中阴身，洗身洗身,平高电气，QFILL和基金这几天忙于蓝筹行情，冷落这票，明日起又杀个回马枪,None,平高电气,2
2956,一只跑输大盘10%多的熊票，谁持有谁倒霉！大盘涨到3000点，这垃圾也涨不回去。,大盘已经走出今年反弹新高，按道理司尔特也应该站在10元位置。,股东,司尔特,1
2957,蓝筹股经过几天井喷，明日起会蓄势微调整理，题材股会趁势雄起，平高电气具备业绩题材双重优势，势必是市场主选，中阴身，洗身洗身,平高电气，今日可以放心进场，短期可期，理由如下,None,平高电气,1
2958,快进。主力没有出货迹象。洗出获利盘。马上进入快速拉升阶段。,快进。主力没有出货迹象。洗出获利盘。马上进入快速拉升阶段。,股东,升华拜克,1
2959,神马东西,神马东西,None,天通股份,2
2960,庄家打压我建仓,庄家拉高我出货,None,三峡新材,2
2961,前峰起动,前峰起动,股东,S佳通,2
2962,咱们都是牛人，大盘暴涨，咱们的票居然是绿的，囧囧囧囧,咱们都是牛人，大盘暴涨，咱们的票居然是绿的，囧囧囧囧,股东,常林股份,0
2963,前峰又要开始上功来了,前峰又要开始上功来了,股东,S佳通,2
2964,今日上午盘蒙草的走势行情来看，成交量比较活跃，有探底回升的迹象。个人认为，如果不出意外，下千盘就会出现反转行情，绝地反击，飘红是不成问题的，甚至有可能直线拉升。,蒙草有可能出现反转行情，绝地反击,股东,蒙草抗旱,1
2965,狗庄的资金不会留在佳通里等股改,抛光佳通，让狗庄接盘,股东,S佳通,2
2966,骑牛炒股大赛，周周发奖金，30万元人民币等你拿！还能免费跟随高手炒股哦！,骑牛炒股大赛，周周发奖金，30万元人民币等你拿！还能免费跟随高手炒股哦！,股东,蒙草抗旱,2
2967,此波跌至10元，本人已经清仓完毕。,佳通狗庄资金正在撤离战场,股东,S佳通,0
2968,今天卖出的后悔吧。,后悔吧，,None,蒙草抗旱,1
2969,还看不出来炒毛的股。不拉太高，是怕你卖。让你交易没空间。瞬间跳舞制造异动，是让你欲罢不能持仓，害怕出了会大涨，1秒拉高，出货半小时。下午大盘回落，必须的早早下跌。低点趴窝。散户又感觉卖出没意义，甚至加仓。整体操盘过程无疑是减持。无戏！,无戏，卖出趁早！,股东,时代新材,0
2970,漫长的上报审批，压价等通过，4800W上市。。蒙草愕然已成中大盘股，股性更加呆滞，继续增发。。。。,接下来不要脸的事一箩筐,股东,蒙草抗旱,2
2971,"量能已定,新股民重价，老股民重量,就发一句就够了，晚上在聊!","量能已定,新股民重价，老股民重量,就发一句就够了，晚上在聊!",股东,时代新材,2
2972,庄家老年痴呆了吧,傻庄,None,湖北广电,2
2973,该发力时就得发力，没气魄,458主力有点焉,None,时代新材,0
2974,不买后悔！,今天…,None,长青集团,2
2975,看尾盘,看尾盘,股东,时代新材,2
2976,上也不是，下也不是。接着玩,庄家难受了吧,None,梦洁家纺,2
2977,好一个洗盘，有不断把主力洗出去，散户却没跑多少的洗盘的吗？到今天还厚颜无耻的说洗盘的，你们什么居心？,好一个洗盘，有不断把主力洗出去，散户却没跑多少的洗盘的吗？到今天还厚颜无耻的说洗,None,时代新材,2
2978,如题,估计盘子10亿左右，市盈率20倍左右的股票要开始走红了。,None,梦洁家纺,2
2979,收盘10.00,收盘10.00,None,时代新材,2
2980,此股已死！,大盘涨这麽多，这股真孙子,None,常林股份,0
2981,开走,开走,股东,时代新材,2
2982,大单吃完庄家就要洗盘了  大盘大涨 庄家怎么可能把那么低的筹码给大家 反正我是走了  下午跟明天绝对大跌,大单被吃完就要大跌了,None,顺网科技,0
2983,为什么今天没有融资融券数据？？25号的？？你们有没有？,为什么今天没有融资融券数据？？25号的？？你们有没有？,股东,时代新材,2
2984,早盘6.05快速出逃，进金钼。继续择机出掉金马所有股票，投入到有色板块。个人认为再在这里恐怕要等到花儿都谢了！这就叫顺势。,顺势,None,通化金马,0
2985,青岛西海岸新区（简称黄岛新区）获批国家级新区，最新规划高大上。新区承载中国海洋经济发展重任。黄岛新区核心区是近四百平方公里，核心区的中心城区也就几十平方公里，还有山河树林公园，除去已建的城区，也就是哈高科的黄岛园区储备土地是难得的黄岛新区概念炒作题材。,中国&quot;迪拜&quot;青岛西海岸新区（简称黄岛新区）获批国家级新区，最新规划高大上,None,哈高科,2
2986,感谢鑫富，这几年出了口恶气，小赚一把，致敬！,感谢鑫富，这几年出了口恶气，小赚一把，致敬！,股东,鑫富药业,2
2987,拿住了 坐稳了,大胆 持仓 坚决 买入 稳稳坐着 千万别卖,None,哈高科,1
2988,太霸道了,鑫富药业稳准狠 预告中报业绩增长1284.66%,股东,鑫富药业,1
2989,如,叫抛的sb们急了吧.哈,None,吉恩镍业,2
2990,全是新发公司的人员在股吧里妖言惑众，股友们不要无动于衷啊，打击他们,全是新发公司的人员在股吧里妖言惑众，股友们不要无动于衷啊，打击他们,股东,鑫富药业,2
2991,这次高开是大盘原因，勿盲目追从，再次回调后再做决定。,好当家回调是必须的，保险起见还是静待机会。,None,好当家,2
2992,大家都来声讨李新发吧。他就是一个小人！,大家都来声讨李新发吧。他就是一个小人！,股东,鑫富药业,2
2993,大家快跑，好当家下午开始暴跌,大家快跑，好当家下午开始暴跌,股东,好当家,0
2994,维生素B5销量增加，市场供不应求。,维生素B5销量增加，市场供不应求。,股东,鑫富药业,2
2995,心态不良的人，技术也不精，资金再多，也会输得一干二净。,近段时间要关注的热点板块！！,None,好当家,2
2996,马上就28块了  好开心啊,马上就28块了  好开心啊,股东,鑫富药业,1
2997,让狗先跑，人不急,让狗先跑，人不急[微笑],None,延长化建,2
2998,丢人！！！,新发干不过鑫富，就只会拉几条狗在鑫富股吧里叫嚷,股东,鑫富药业,2
2999,拼命鼓吹一字涨停的那6、7亿解禁股们，今日总算等来了大批的SB。,6月23日那批成本3元多的解禁股终于等来接盘的！,None,国中水务,2
3000,崩盘啦 崩盘啦 崩盘啦 崩盘啦 崩盘啦 崩盘,崩盘啦 崩盘啦 崩盘啦 崩盘啦 崩盘啦 崩盘,None,工商银行,2
